time,open,high,low,close,Volume
1408568400,1291.7505,1292.131,1273.055,1276.921,53305
1408654800,1276.921,1283.1435,1274.364,1281.1425,37376
1408914000,1281.1425,1281.705,1269.184,1276.9175,25946
1409000400,1276.9175,1291.0955,1275.256,1281.418,44571
1409086800,1281.418,1287.409,1280.133,1282.8285,24826
1409173200,1282.8285,1296.7215,1282.158,1289.666,50033
1409259600,1289.666,1291.3985,1283.4365,1287.584,30117
1409518800,1287.584,1289.9945,1285.0265,1287.2255,12465
1409605200,1287.2255,1287.9165,1262.527,1265.442,58964
1409691600,1265.442,1271.641,1261.2245,1269.3,43776
1409778000,1269.3,1277.374,1260.666,1261.5625,76716
1409864400,1261.5625,1273.9655,1257.259,1269.1095,50414
1410123600,1269.1095,1271.91,1251.531,1255.396,35467
1410210000,1255.396,1258.321,1247.537,1255.346,46053
1410296400,1255.346,1257.839,1243.921,1249.8255,52621
1410382800,1249.8255,1250.628,1234.9525,1240.9155,65041
1410469200,1240.9155,1241.881,1227.6335,1229.414,53032
1410728400,1229.414,1238.6565,1225.6705,1233.3425,40804
1410814800,1233.3425,1242.0125,1231.7715,1235.5565,46766
1410901200,1235.5565,1239.579,1221.4995,1223.417,89603
1410987600,1223.417,1228.0995,1215.5865,1225.0615,75049
1411074000,1225.0615,1228.6835,1213.8355,1215.7635,103786
1411333200,1215.7635,1220.6075,1208.177,1215.1455,62283
1411419600,1215.1455,1235.3115,1213.9505,1223.485,70458
1411506000,1223.485,1226.3,1215.741,1216.963,60157
1411592400,1216.963,1224.787,1206.9995,1221.655,101166
1411678800,1221.655,1231.502,1212.3595,1218.319,74067
1411938000,1218.319,1223.423,1214.963,1215.754,50378
1412024400,1215.754,1220.2135,1204.453,1208.127,111736
1412110800,1208.127,1219.4285,1204.8335,1213.7895,95748
1412197200,1213.7895,1223.2125,1208.7895,1214.4665,103774
1412283600,1214.4665,1215.515,1190.077,1191.2895,100286
1412542800,1191.2895,1209.153,1183.106,1207.296,73509
1412629200,1207.296,1213.4765,1202.914,1208.9265,101959
1412715600,1208.9265,1224.3775,1204.989,1221.146,100409
1412802000,1221.146,1233.5615,1219.042,1224.4415,89790
1412888400,1224.4415,1225.574,1217.478,1223.059,83316
1413147600,1223.059,1237.77,1223.059,1235.85,67803
1413234000,1235.85,1238.537,1230.97,1232.7275,65745
1413320400,1232.7275,1249.823,1222.0265,1241.848,192199
1413406800,1241.848,1245.384,1235.2095,1239.0435,143299
1413493200,1239.0435,1241.7955,1231.814,1238.582,70056
1413752400,1238.582,1248.749,1234.638,1246.8115,49288
1413838800,1246.8115,1255.3985,1245.367,1248.969,85129
1413925200,1248.969,1250.047,1240.573,1241.383,62840
1414011600,1241.383,1244.71,1226.396,1231.8375,70270
1414098000,1231.8375,1234.515,1228.6345,1231.2045,41203
1414357200,1231.2045,1232.0725,1225.609,1226.674,37514
1414443600,1226.674,1235.8235,1222.507,1228.55,65632
1414530000,1228.55,1230.7345,1208.4835,1211.8205,51908
1414616400,1211.8205,1216.94,1195.9675,1198.908,86979
1414702800,1198.908,1202.883,1161.0985,1173.157,182206
1414965600,1173.157,1173.9735,1161.6085,1165.648,98699
1415052000,1165.648,1175.7995,1164.046,1168.3,90975
1415138400,1168.3,1169.8155,1137.7795,1140.5145,196970
1415224800,1140.5145,1149.771,1138.1345,1142.0515,139815
1415311200,1142.0515,1178.964,1131.306,1177.585,231033
1415570400,1177.585,1178.7645,1147.394,1151.92,137185
1415656800,1151.92,1173.4865,1146.17,1163.965,184129
1415743200,1163.965,1170.309,1157.3385,1162.8735,135034
1415829600,1162.8735,1168.7305,1153.857,1162.6415,148842
1415916000,1162.6415,1193.8285,1146.8615,1189.1075,264127
1416175200,1189.1075,1194.4615,1181.5625,1186.4605,186841
1416261600,1186.4605,1204.863,1183.5275,1196.8195,149236
1416348000,1196.8195,1202.377,1175.3255,1182.572,226178
1416434400,1182.572,1197.3415,1176.923,1193.722,78391
1416520800,1193.722,1208.087,1186.909,1201.5245,73025
1416780000,1201.5245,1204.4855,1192.8935,1197.1095,40993
1416866400,1197.1095,1203.098,1190.4175,1200.664,51956
1416952800,1200.664,1202.667,1194.8955,1197.8765,29125
1417039200,1197.8765,1199.8115,1185.723,1190.9565,42601
1417125600,1190.9565,1194.012,1165.249,1167.046,61755
1417384800,1167.046,1221.444,1142.7845,1211.9945,163945
1417471200,1211.9945,1213.1835,1191.9345,1198.4315,76487
1417557600,1198.4315,1215.356,1194.057,1209.515,55729
1417644000,1209.515,1213.6055,1201.2435,1205.235,61898
1417730400,1205.235,1207.786,1186.0425,1192.0455,67636
1417989600,1192.0455,1208.9935,1187.1535,1203.3775,46212
1418076000,1203.3775,1238.385,1199.445,1231.1545,90807
1418162400,1231.1545,1238.3525,1224.7855,1226.315,76535
1418248800,1226.315,1232.9435,1216.0195,1227.866,84406
1418335200,1227.866,1228.34,1214.353,1222.4625,110830
1418594400,1222.4625,1224.377,1190.805,1193.278,129410
1418680800,1193.278,1223.669,1187.465,1196.988,274968
1418767200,1196.988,1203.1015,1183.2675,1189.8415,232913
1418853600,1189.8415,1214.0585,1188.523,1198.6165,141042
1418940000,1198.6165,1201.478,1193.7135,1195.666,79095
1419199200,1195.666,1203.6735,1170.8025,1176.2965,106258
1419285600,1176.2965,1185.0945,1172.6455,1176.6145,78204
1419372000,1176.6145,1181.23,1172.916,1174.576,37770
1419544800,1174.576,1199.26,1174.576,1196.531,107400
1419804000,1196.531,1197.704,1178.9755,1183.253,73694
1419890400,1183.253,1211.0075,1180.7665,1200.53,106075
1419976800,1200.53,1203.925,1181.938,1182.789,17717
1420149600,1182.789,1195.137,1167.6235,1188.773,31203
1420408800,1188.773,1207.6625,1178.311,1204.766,69349
1420495200,1204.766,1223.2755,1201.797,1218.675,127740
1420581600,1218.675,1219.4475,1208.968,1211.577,103660
1420668000,1211.577,1216.8615,1204.5025,1208.949,77179
1420754400,1208.949,1224.3035,1206.939,1223.3345,112945
1421013600,1223.3345,1235.9815,1217.618,1233.637,88693
1421100000,1233.637,1244.3865,1227.2915,1230.6335,127627
1421186400,1230.6335,1244.5545,1225.085,1228.537,174509
1421272800,1228.537,1266.896,1226.138,1262.595,353476
1421359200,1262.595,1282.174,1255.0835,1280.197,240772
1421618400,1280.197,1281.7845,1272.101,1277.0365,81307
1421704800,1277.0365,1297.219,1274.1475,1295.2125,137680
1421791200,1295.2125,1305.737,1284.6575,1293.182,150683
1421877600,1293.182,1307.7915,1279.3235,1302.5845,175619
1421964000,1302.5845,1302.8805,1284.4145,1294.714,104939
1422223200,1294.714,1299.3805,1275.934,1281.3325,126478
1422309600,1281.3325,1297.6965,1272.344,1292.1065,124753
1422396000,1292.1065,1293.805,1279.692,1284.4405,107075
1422482400,1284.4405,1286.033,1251.9035,1257.5465,164829
1422568800,1257.5465,1284.859,1257.168,1283.956,117436
1422828000,1283.956,1283.956,1266.328,1274.271,105815
1422914400,1274.271,1286.1925,1255.6035,1260.355,144176
1423000800,1260.355,1272.987,1256.6815,1269.155,134326
1423087200,1269.155,1274.482,1256.197,1264.7785,103801
1423173600,1264.7785,1268.9005,1228.376,1234.459,146732
1423432800,1234.459,1243.7905,1234.3515,1239.1065,54789
1423519200,1239.1065,1245.959,1230.9885,1233.507,70049
1423605600,1233.507,1238.89,1216.657,1218.7325,71209
1423692000,1218.7325,1233.256,1216.884,1222.064,84843
1423778400,1222.064,1235.0755,1221.83,1229.776,63762
1424037600,1229.776,1237.151,1227.6,1231.182,38236
1424124000,1231.182,1234.079,1203.865,1209.8575,89861
1424210400,1209.8575,1213.676,1197.654,1212.476,86068
1424296800,1212.476,1223.1525,1205.474,1206.7945,87462
1424383200,1206.7945,1215.5615,1198.1755,1201.618,90084
1424642400,1201.618,1210.5215,1190.568,1201.8985,84777
1424728800,1201.8985,1204.64,1190.39,1200.599,89875
1424815200,1200.599,1211.9155,1200.129,1205.015,55641
1424901600,1205.015,1220.115,1203.703,1209.3555,76205
1424988000,1209.3555,1219.485,1204.545,1213.1405,61393
1425247200,1213.1405,1223.353,1204.7785,1207.0465,33782
1425333600,1207.0465,1214.9195,1195.4875,1203.8205,35543
1425420000,1203.8205,1209.089,1198.367,1200.3425,29093
1425506400,1200.3425,1209.563,1196.6125,1198.389,25167
1425592800,1198.389,1200.7815,1163.884,1167.337,48468
1425848400,1167.337,1175.507,1165.946,1167.284,20811
1425934800,1167.284,1170.6085,1155.186,1161.831,35264
1426021200,1161.831,1165.3285,1147.6595,1155.2835,29562
1426107600,1155.2835,1166.751,1148.625,1153.7165,34066
1426194000,1153.7165,1161.888,1151.5475,1158.6,25848
1426453200,1158.6,1164.1935,1150.4645,1154.7305,22181
1426539600,1154.7305,1160.1115,1142.7585,1149.531,30977
1426626000,1149.531,1175.9215,1146.044,1167.686,53708
1426712400,1167.686,1178.013,1159.7395,1171.208,46904
1426798800,1171.208,1188.067,1168.891,1182.6095,34072
1427058000,1182.6095,1191.722,1179.4125,1189.4935,33088
1427144400,1189.4935,1195.1715,1185.5085,1193.314,28792
1427230800,1193.314,1199.789,1186.804,1195.41,27363
1427317200,1195.41,1219.9995,1194.6255,1204.785,40080
1427403600,1204.785,1206.3735,1192.6795,1198.8125,29787
1427662800,1198.8125,1199.912,1182.5215,1186.1575,23900
1427749200,1186.1575,1190.8885,1178.55,1183.6445,28313
1427835600,1183.6445,1208.715,1180.99,1204.091,29151
1427922000,1204.091,1207.4395,1195.0115,1202.704,27970
1428008400,1202.704,1203.206,1202.055,1203.206,25
1428267600,1203.206,1224.3095,1203.206,1214.84,28937
1428354000,1214.84,1215.9195,1207.6165,1209.192,20300
1428440400,1209.192,1212.497,1197.5735,1202.6105,33387
1428526800,1202.6105,1203.572,1192.725,1194.8465,23584
1428613200,1194.8465,1210.8795,1193.3335,1207.7495,25403
1428872400,1207.7495,1209.648,1196.472,1198.805,24466
1428958800,1198.805,1201.617,1184.0995,1192.8055,37347
1429045200,1192.8055,1204.7255,1188.982,1202.603,30457
1429131600,1202.603,1209.2315,1194.861,1198.5895,37475
1429218000,1198.5895,1207.9885,1197.5315,1204.4205,31912
1429477200,1204.4205,1209.47,1191.5075,1195.8065,30278
1429563600,1195.8065,1204.3755,1193.2065,1202.497,19049
1429650000,1202.497,1205.069,1185.808,1187.0765,29059
1429736400,1187.0765,1198.0965,1184.464,1194.043,25126
1429822800,1194.043,1196.104,1175.3835,1179.482,30144
1430082000,1179.482,1207.371,1178.767,1202.052,32399
1430168400,1202.052,1215.187,1199.2925,1212.1115,31127
1430254800,1212.1115,1214.122,1201.484,1204.668,38375
1430341200,1204.668,1207.679,1177.148,1184.393,43636
1430427600,1184.393,1185.315,1170.193,1178.4675,27919
1430686800,1178.4675,1192.9555,1177.8405,1188.413,24991
1430773200,1188.413,1199.9925,1185.807,1193.327,22781
1430859600,1193.327,1197.7785,1188.3765,1192.2205,29662
1430946000,1192.2205,1192.9745,1178.947,1184.5655,27900
1431032400,1184.5655,1194.022,1181.695,1188.4105,37422
1431291600,1188.4105,1191.921,1178.97,1184.0005,19297
1431378000,1184.0005,1197.372,1180.794,1193.92,22710
1431464400,1193.92,1219.038,1191.341,1215.747,35083
1431550800,1215.747,1227.6985,1212.4765,1221.1385,32668
1431637200,1221.1385,1226.3395,1211.179,1224.068,26734
1431896400,1224.068,1232.473,1221.742,1225.4645,21148
1431982800,1225.4645,1226.053,1205.833,1207.822,29376
1432069200,1207.822,1213.608,1203.367,1209.864,27825
1432155600,1209.864,1212.8815,1201.594,1206.256,22509
1432242000,1206.256,1215.0695,1201.617,1205.9725,24368
1432501200,1205.9725,1208.7405,1202.949,1207.2085,10224
1432587600,1207.2085,1207.628,1185.6145,1187.358,36235
1432674000,1187.358,1191.078,1183.7335,1188.061,23210
1432760400,1188.061,1192.279,1180.2165,1188.2025,27283
1432846800,1188.2025,1194.4495,1185.845,1190.4235,23788
1433106000,1190.4235,1204.473,1184.4855,1189.2445,34073
1433192400,1189.2445,1196.4105,1185.986,1193.074,32022
1433278800,1193.074,1195.5745,1179.5155,1185.002,32350
1433365200,1185.002,1186.38,1173.0265,1176.814,36596
1433451600,1176.814,1178.6645,1162.786,1172.0125,32550
1433710800,1172.0125,1177.7555,1169.2015,1174.101,25916
1433797200,1174.101,1183.063,1172.614,1176.865,19448
1433883600,1176.865,1192.4155,1175.2835,1186.06,26301
1433970000,1186.06,1188.1365,1175.601,1181.992,23988
1434056400,1181.992,1184.5265,1176.513,1181.6945,18025
1434315600,1181.6945,1190.666,1172.9045,1186.314,25440
1434402000,1186.314,1187.9765,1176.1945,1182.153,17021
1434488400,1182.153,1189.4585,1174.73,1185.671,27400
1434574800,1185.671,1205.973,1183.739,1201.8835,30116
1434661200,1201.8835,1204.3075,1198.498,1200.2985,14811
1434920400,1200.2985,1201.2095,1182.276,1185.939,17997
1435006800,1185.939,1188.2465,1176.362,1178.6635,20061
1435093200,1178.6635,1180.3825,1169.39,1175.4905,18308
1435179600,1175.4905,1178.2235,1171.5435,1173.175,14823
1435266000,1173.175,1178.7665,1168.5415,1175.3875,17328
1435525200,1175.3875,1188.2825,1173.8835,1179.809,32126
1435611600,1179.809,1180.6275,1166.9195,1172.37,27466
1435698000,1172.37,1175.1695,1167.6805,1168.8585,17615
1435784400,1168.8585,1169.9955,1157.1515,1166.2195,23019
1435870800,1166.2195,1170.362,1164.793,1168.902,10604
1436130000,1168.902,1175.668,1162.977,1170.296,23984
1436216400,1170.296,1170.826,1148.073,1155.2135,39344
1436302800,1155.2135,1164.8055,1147.2865,1158.245,38868
1436389200,1158.245,1167.905,1156.106,1159.2795,28036
1436475600,1159.2795,1165.5155,1157.614,1163.647,23126
1436734800,1163.647,1165.1005,1151.1335,1157.999,26876
1436821200,1157.999,1159.9005,1153.06,1156.011,18483
1436907600,1156.011,1156.9475,1143.297,1149.415,22049
1436994000,1149.415,1149.875,1142.2865,1145.4645,20915
1437080400,1145.4645,1145.915,1131.1495,1134.4725,20966
1437339600,1134.4725,1134.4725,1072.2495,1096.341,72891
1437426000,1096.341,1110.0165,1096.187,1101.49,28823
1437512400,1101.49,1103.775,1087.1425,1094.3395,33701
1437598800,1094.3395,1105.895,1087.353,1090.6735,28881
1437685200,1090.6735,1101.7435,1076.168,1099.534,43923
1437944400,1099.534,1105.157,1088.616,1094.1055,33064
1438030800,1094.1055,1099.1485,1091.722,1095.347,21110
1438117200,1095.347,1102.155,1090.4765,1096.9735,32621
1438203600,1096.9735,1098.753,1082.6645,1088.6245,32707
1438290000,1088.6245,1103.631,1080.1555,1095.5685,35558
1438549200,1095.5685,1098.152,1085.975,1086.915,23316
1438635600,1086.915,1095.0615,1081.085,1087.68,23058
1438722000,1087.68,1092.6485,1083.0795,1085.138,22535
1438808400,1085.138,1094.199,1083.5895,1089.593,17470
1438894800,1089.593,1099.679,1082.511,1094.175,34910
1439154000,1094.175,1109.1425,1089.744,1104.5525,26505
1439240400,1104.5525,1119.6595,1093.9575,1108.951,42493
1439326800,1108.951,1126.033,1101.97,1124.534,41144
1439413200,1124.534,1126.925,1113.691,1115.213,28062
1439499600,1115.213,1121.1505,1111.8655,1114.921,22904
1439758800,1114.921,1122.9375,1113.8115,1117.5265,17104
1439845200,1117.5265,1121.2305,1109.5725,1117.6475,21099
1439931600,1117.6475,1134.9395,1116.412,1133.9935,26551
1440018000,1133.9935,1154.1395,1132.7405,1152.133,29016
1440104400,1152.133,1168.389,1149.044,1161.1095,42373
1440363600,1161.1095,1170.28,1146.0055,1155.0755,103964
1440450000,1155.0755,1156.7305,1134.7405,1140.6475,64223
1440536400,1140.6475,1146.571,1117.7665,1125.153,62934
1440622800,1125.153,1129.403,1118.201,1124.882,38700
1440709200,1124.882,1140.959,1123.911,1133.744,39840
1440968400,1133.744,1136.821,1125.779,1134.9415,25307
1441054800,1134.9415,1148.0765,1134.408,1140.2705,32758
1441141200,1140.2705,1142.5345,1132.137,1134.112,27579
1441227600,1134.112,1134.395,1121.876,1125.384,26852
1441314000,1125.384,1133.333,1116.519,1121.578,30303
1441573200,1121.578,1124.981,1116.0655,1119.221,12047
1441659600,1119.221,1126.9425,1118.7465,1121.538,19685
1441746000,1121.538,1125.5175,1101.3505,1108.0265,25448
1441832400,1108.0265,1115.19,1103.822,1110.684,26061
1441918800,1110.684,1113.003,1098.795,1107.7665,24462
1442178000,1107.7665,1110.661,1103.6045,1108.904,15379
1442264400,1108.904,1109.565,1102.545,1105.227,15113
1442350800,1105.227,1124.324,1104.111,1119.5005,21832
1442437200,1119.5005,1136.1125,1115.492,1131.4965,39035
1442523600,1131.4965,1141.9215,1127.6575,1139.059,31315
1442782800,1139.059,1140.122,1129.6365,1133.4425,15326
1442869200,1133.4425,1136.7925,1121.3945,1124.7665,19985
1442955600,1124.7665,1134.3695,1122.0135,1130.229,17590
1443042000,1130.229,1156.7635,1128.826,1153.956,31150
1443128400,1153.956,1153.956,1140.7905,1146.2295,26288
1443387600,1146.2295,1148.3695,1128.091,1132.2515,29587
1443474000,1132.2515,1134.927,1124.294,1127.348,24809
1443560400,1127.348,1128.227,1111.7775,1114.866,30314
1443646800,1114.866,1119.3095,1111.2205,1113.551,15277
1443733200,1113.551,1141.418,1104.735,1138.492,36480
1443992400,1138.492,1142.129,1130.214,1135.669,23509
1444078800,1135.669,1151.3925,1135.0905,1147.372,20901
1444165200,1147.372,1154.023,1141.9505,1145.504,20951
1444251600,1145.504,1151.4565,1136.7265,1139.2125,25734
1444338000,1139.2125,1159.741,1138.798,1156.36,25876
1444597200,1156.36,1169.123,1154.9655,1163.876,22323
1444683600,1163.876,1168.8465,1151.942,1168.7245,24906
1444770000,1168.7245,1189.927,1162.905,1184.1185,35476
1444856400,1184.1185,1191.653,1174.1795,1183.235,38033
1444942800,1183.235,1184.6675,1174.51,1176.7425,25566
1445202000,1176.7425,1178.417,1168.695,1170.8545,24980
1445288400,1170.8545,1181.0175,1167.5245,1176.144,23756
1445374800,1176.144,1179.385,1163.603,1167.307,24955
1445461200,1167.307,1171.942,1162.677,1165.6795,27291
1445547600,1165.6795,1179.525,1159.0165,1164.4585,32827
1445806800,1164.4585,1169.807,1162.3165,1163.462,17122
1445893200,1163.462,1168.859,1160.736,1166.8115,19090
1445979600,1166.8115,1183.08,1152.357,1155.845,39579
1446066000,1155.845,1162.7785,1144.868,1146.2565,30834
1446152400,1146.2565,1150.1605,1138.932,1142.173,23241
1446415200,1142.173,1143.1005,1132.8125,1133.651,19186
1446501600,1133.651,1138.4045,1114.507,1117.8705,22123
1446588000,1117.8705,1122.9185,1106.504,1108.097,26266
1446674400,1108.097,1111.645,1103.138,1103.9915,23068
1446760800,1103.9915,1110.5815,1085.524,1089.661,33775
1447020000,1089.661,1095.9155,1088.429,1092.5625,22535
1447106400,1092.5625,1095.701,1085.3425,1089.782,18976
1447192800,1089.782,1094.3165,1084.244,1086.329,21089
1447279200,1086.329,1089.763,1074.0375,1085.425,30567
1447365600,1085.425,1088.8895,1079.374,1083.8925,26148
1447624800,1083.8925,1098.199,1081.4955,1082.8485,26504
1447711200,1082.8485,1085.43,1065.5315,1070.269,30289
1447797600,1070.269,1075.664,1063.846,1070.8615,31999
1447884000,1070.8615,1087.506,1069.5105,1082.232,29332
1447970400,1082.232,1088.2335,1075.9885,1077.765,24351
1448229600,1077.765,1077.765,1066.4465,1069.016,25764
1448316000,1069.016,1081.25,1068.873,1075.585,23497
1448402400,1075.585,1080.929,1067.9085,1071.383,19061
1448488800,1071.383,1074.9495,1069.741,1071.8595,12839
1448575200,1071.8595,1073.935,1052.885,1057.7685,23234
1448834400,1057.7685,1069.8135,1053.267,1064.957,21298
1448920800,1064.957,1074.784,1063.3625,1069.552,24919
1449007200,1069.552,1071.6765,1050.6785,1053.9015,23283
1449093600,1053.9015,1065.5085,1046.459,1062.199,57192
1449180000,1062.199,1088.908,1058.316,1086.532,46194
1449439200,1086.532,1086.783,1066.209,1071.2365,25553
1449525600,1071.2365,1079.27,1067.7,1074.6665,31383
1449612000,1074.6665,1085.5005,1069.4225,1072.7305,35489
1449698400,1072.7305,1076.7,1069.42,1071.3415,26332
1449784800,1071.3415,1079.655,1062.541,1074.8315,37039
1450044000,1074.8315,1077.6705,1058.5035,1060.3985,30783
1450130400,1060.3985,1068.8245,1058.5545,1061.226,32945
1450216800,1061.226,1078.5705,1061.0175,1072.024,44527
1450303200,1072.024,1073.397,1047.755,1051.7065,35732
1450389600,1051.7065,1071.881,1050.972,1066.23,28505
1450648800,1066.23,1081.8075,1063.953,1078.624,29938
1450735200,1078.624,1080.9285,1071.8925,1072.7655,22403
1450821600,1072.7655,1075.5985,1068.3055,1070.4395,16836
1450908000,1070.4395,1077.168,1070.0545,1076.2445,15001
1451253600,1076.2445,1077.2065,1066.585,1069.2115,20605
1451340000,1069.2115,1075.36,1067.5015,1069.1235,21268
1451426400,1069.1235,1072.2745,1059.5215,1061.604,23143
1451512800,1061.604,1063.657,1057.808,1060.9045,14958
1451599200,1060.9045,1060.9045,1060.6345,1060.6345,5
1451858400,1060.6345,1083.604,1060.6345,1074.5455,30753
1451944800,1074.5455,1082.1065,1072.721,1077.63,21566
1452031200,1077.63,1095.318,1075.0885,1093.6005,36013
1452117600,1093.6005,1110.224,1091.5385,1108.896,40887
1452204000,1108.896,1113.7065,1092.624,1104.161,50112
1452463200,1104.161,1108.6215,1093.741,1094.2765,36319
1452549600,1094.2765,1099.3925,1083.577,1086.985,29734
1452636000,1086.985,1095.661,1079.908,1093.265,31021
1452722400,1093.265,1095.5445,1071.475,1078.2455,30958
1452808800,1078.2455,1097.515,1076.407,1088.7755,41336
1453068000,1088.7755,1093.5095,1087.6115,1089.04,12951
1453154400,1089.04,1094.7285,1082.471,1087.4425,28139
1453240800,1087.4425,1109.851,1087.014,1101.059,37033
1453327200,1101.059,1104.6495,1092.528,1101.0915,41348
1453413600,1101.0915,1102.9665,1094.157,1097.653,26360
1453672800,1097.653,1109.06,1097.344,1107.87,21597
1453759200,1107.87,1123.0545,1107.139,1120.0405,25618
1453845600,1120.0405,1128.1735,1114.965,1124.867,30484
1453932000,1124.867,1126.0365,1110.655,1114.916,29462
1454018400,1114.916,1118.7305,1108.5835,1118.143,34227
1454277600,1118.143,1129.946,1115.614,1128.429,22596
1454364000,1128.429,1131.2105,1122.344,1128.807,21299
1454450400,1128.807,1145.6305,1124.519,1142.589,40321
1454536800,1142.589,1157.4735,1139.3915,1155.6375,38958
1454623200,1155.6375,1174.66,1145.371,1173.5065,50813
1454882400,1173.5065,1200.9675,1164.2965,1189.305,50704
1454968800,1189.305,1199.009,1185.7745,1189.015,55346
1455055200,1189.015,1197.773,1181.644,1197.3025,55974
1455141600,1197.3025,1263.436,1195.946,1246.798,140278
1455228000,1246.798,1248.3805,1232.4815,1237.951,73393
1455487200,1237.951,1237.951,1202.228,1209.3815,43729
1455573600,1209.3815,1217.162,1190.9975,1200.0915,60209
1455660000,1200.0915,1213.8895,1195.79,1208.534,55975
1455746400,1208.534,1240.021,1200.843,1231.0675,48239
1455832800,1231.0675,1234.666,1220.1055,1226.326,54836
1456092000,1226.326,1226.384,1202.046,1208.908,46565
1456178400,1208.908,1228.355,1207.29,1227.121,56447
1456264800,1227.121,1253.378,1222.006,1229.0185,73200
1456351200,1229.0185,1243.542,1221.2405,1233.1685,71720
1456437600,1233.1685,1240.494,1211.5645,1222.997,59862
1456696800,1222.997,1241.28,1215.759,1238.6045,53810
1456783200,1238.6045,1248.6615,1227.281,1232.168,56964
1456869600,1232.168,1244.2495,1224.868,1239.983,50113
1456956000,1239.983,1268.519,1237.567,1264.7735,52681
1457042400,1264.7735,1279.9235,1250.168,1259.277,108398
1457301600,1259.277,1273.2915,1256.7525,1267.4265,54912
1457388000,1267.4265,1278.217,1260.338,1261.5965,53893
1457474400,1261.5965,1265.047,1243.055,1253.0905,52444
1457560800,1253.0905,1273.4855,1237.0325,1272.2765,98595
1457647200,1272.2765,1284.979,1248.455,1250.3545,63633
1457902800,1250.3545,1261.1565,1229.376,1235.2065,43540
1457989200,1235.2065,1238.242,1225.664,1232.681,43795
1458075600,1232.681,1264.0485,1226.7395,1262.3405,60347
1458162000,1262.3405,1271.057,1254.5985,1258.028,59460
1458248400,1258.028,1267.0265,1247.854,1255.2935,37190
1458507600,1255.2935,1256.144,1240.7405,1243.6605,35868
1458594000,1243.6605,1260.3555,1242.5025,1248.2735,39386
1458680400,1248.2735,1249.5335,1215.4055,1220.4375,46784
1458766800,1220.4375,1223.9015,1211.108,1217.3005,33968
1459112400,1217.3005,1223.1955,1207.873,1221.351,25008
1459198800,1221.351,1243.161,1215.3895,1242.3835,43363
1459285200,1242.3835,1244.432,1223.3615,1224.9465,41564
1459371600,1224.9465,1240.6005,1223.7755,1232.945,40355
1459458000,1232.945,1235.4845,1209.0145,1222.3655,55688
1459717200,1222.3655,1222.7405,1214.7315,1215.4245,30693
1459803600,1215.4245,1237.0785,1214.9345,1231.3475,39521
1459890000,1231.3475,1232.3085,1216.6775,1222.325,41363
1459976400,1222.325,1243.351,1222.325,1240.512,49722
1460062800,1240.512,1242.808,1229.6695,1239.6775,40414
1460322000,1239.6775,1258.838,1239.6775,1257.568,45614
1460408400,1257.568,1262.7885,1251.287,1255.7105,41847
1460494800,1255.7105,1256.8775,1239.779,1242.7725,41910
1460581200,1242.7725,1244.189,1223.96,1227.366,54265
1460667600,1227.366,1235.979,1225.383,1234.0655,36339
1460926800,1234.0655,1241.7395,1230.091,1232.5985,42170
1461013200,1232.5985,1256.741,1227.8195,1250.28,55066
1461099600,1250.28,1258.082,1242.5595,1244.2755,50010
1461186000,1244.2755,1270.3615,1242.71,1248.1875,88266
1461272400,1248.1875,1252.736,1227.586,1232.3945,70628
1461531600,1232.3945,1242.502,1230.238,1237.961,43167
1461618000,1237.961,1245.0495,1231.5035,1243.395,49815
1461704400,1243.395,1252.9985,1239.543,1245.7225,69961
1461790800,1245.7225,1269.7525,1237.271,1266.6015,75752
1461877200,1266.6015,1296.913,1265.1165,1293.3535,76715
1462136400,1293.3535,1303.838,1287.662,1291.5655,67274
1462222800,1291.5655,1301.898,1282.171,1286.4645,66018
1462309200,1286.4645,1289.88,1271.9285,1279.4655,62387
1462395600,1279.4655,1286.5925,1268.981,1277.868,55899
1462482000,1277.868,1295.647,1274.5925,1287.737,71862
1462741200,1287.737,1287.737,1261.4475,1264.0285,57921
1462827600,1264.0285,1270.1205,1256.9375,1266.0455,52291
1462914000,1266.0455,1279.217,1264.8515,1277.488,54589
1463000400,1277.488,1281.072,1261.9305,1263.703,60603
1463086800,1263.703,1276.445,1263.018,1273.064,57356
1463346000,1273.064,1288.7695,1270.6755,1273.8635,54158
1463432400,1273.8635,1282.47,1269.181,1279.0855,61728
1463518800,1279.0855,1282.176,1255.1445,1258.7385,81576
1463605200,1258.7385,1261.4035,1244.058,1254.6015,74453
1463691600,1254.6015,1260.3695,1248.9135,1252.23,42820
1463950800,1252.23,1256.1715,1243.1925,1249.0115,50183
1464037200,1249.0115,1252.265,1226.2165,1227.1745,56027
1464123600,1227.1745,1230.268,1217.899,1224.4475,38675
1464210000,1224.4475,1234.5195,1218.4055,1219.8195,42487
1464296400,1219.8195,1223.5925,1206.8155,1212.9815,41411
1464555600,1212.9815,1213.6215,1199.655,1204.961,29994
1464642000,1204.961,1218.279,1204.859,1215.335,37077
1464728400,1215.335,1220.5685,1206.063,1212.72,37345
1464814800,1212.72,1217.7765,1209.91,1210.9715,35732
1464901200,1210.9715,1244.924,1207.051,1244.247,55730
1465160400,1244.247,1248.873,1240.0535,1245.2145,40441
1465246800,1245.2145,1246.6415,1234.7685,1243.893,27457
1465333200,1243.893,1264.4525,1243.113,1262.309,31343
1465419600,1262.309,1271.8105,1256.9125,1269.5655,31969
1465506000,1269.5655,1278.2235,1264.715,1273.7815,33244
1465765200,1273.7815,1287.2715,1272.581,1283.8865,42920
1465851600,1283.8865,1289.93,1276.1185,1286.125,39895
1465938000,1286.125,1296.9585,1278.552,1291.4915,47559
1466024400,1291.4915,1315.7595,1277.493,1277.493,76369
1466110800,1277.493,1299.6895,1276.7155,1298.6375,47580
1466370000,1298.6375,1298.6375,1278.106,1290.399,48753
1466456400,1290.399,1294.411,1264.583,1268.759,53291
1466542800,1268.759,1270.8065,1261.283,1266.6765,37723
1466629200,1266.6765,1271.983,1254.645,1255.584,54755
1466715600,1255.584,1358.7615,1250.4275,1315.7225,275438
1466974800,1315.7225,1335.7465,1315.7225,1324.3945,100011
1467061200,1324.3945,1326.266,1305.5175,1311.779,54072
1467147600,1311.779,1327.9475,1310.6925,1319.3785,49017
1467234000,1319.3785,1324.1155,1312.9045,1322.0135,49843
1467320400,1322.0135,1344.615,1320.707,1341.229,60776
1467579600,1341.229,1357.6765,1336.068,1351.071,76628
1467666000,1351.071,1357.787,1338.0715,1356.241,73049
1467752400,1356.241,1375.307,1354.732,1363.861,74134
1467838800,1363.861,1370.957,1350.891,1361.3565,55216
1467925200,1361.3565,1370.703,1335.3295,1366.235,86040
1468184400,1366.235,1375.2295,1350.7695,1355.595,63807
1468270800,1355.595,1357.8825,1330.4655,1333.198,57924
1468357200,1333.198,1345.5225,1327.639,1342.3005,51512
1468443600,1342.3005,1347.345,1320.2825,1335.096,64632
1468530000,1335.096,1339.286,1322.5315,1337.4675,56414
1468789200,1337.4675,1337.4675,1323.5155,1328.9535,51148
1468875600,1328.9535,1335.1675,1325.662,1332.036,36450
1468962000,1332.036,1338.316,1312.728,1315.9845,43070
1469048400,1315.9845,1334.004,1310.8785,1331.346,53140
1469134800,1331.346,1333.878,1319.778,1322.2945,43387
1469394000,1322.2945,1323.8685,1311.9025,1315.7855,33137
1469480400,1315.7855,1324.5725,1313.9355,1320.2245,34136
1469566800,1320.2245,1342.492,1315.9025,1340.1515,47391
1469653200,1340.1515,1345.723,1332.533,1335.4805,35213
1469739600,1335.4805,1355.119,1328.778,1351.2055,72495
1469998800,1351.2055,1355.0355,1346.252,1353.237,34909
1470085200,1353.237,1367.3175,1347.168,1363.5985,40143
1470171600,1363.5985,1366.6625,1354.286,1358.008,35104
1470258000,1358.008,1365.0995,1349.208,1361.375,43027
1470344400,1361.375,1364.8195,1334.758,1336.112,48686
1470603600,1336.112,1338.373,1330.041,1335.491,32017
1470690000,1335.491,1342.754,1330.703,1340.613,25942
1470776400,1340.613,1357.358,1340.2355,1346.566,37388
1470862800,1346.566,1353.4735,1335.864,1338.394,37002
1470949200,1338.394,1356.7645,1333.089,1336.2345,52398
1471208400,1336.2345,1343.9245,1335.8355,1339.344,31057
1471294800,1339.344,1358.208,1339.344,1346.6305,52091
1471381200,1346.6305,1351.876,1335.388,1349.194,43688
1471467600,1349.194,1356.215,1346.1465,1352.991,41592
1471554000,1352.991,1352.991,1337.895,1341.602,45582
1471813200,1341.602,1341.602,1331.79,1338.9435,42588
1471899600,1338.9435,1344.8475,1335.2965,1338.2105,32047
1471986000,1338.2105,1340.1865,1323.8605,1324.2155,38024
1472072400,1324.2155,1327.1405,1318.067,1321.883,28883
1472158800,1321.883,1342.271,1318.467,1320.5305,71451
1472418000,1320.5305,1325.1945,1314.898,1323.1515,36895
1472504400,1323.1515,1325.651,1309.345,1310.878,34827
1472590800,1310.878,1316.27,1304.307,1308.98,33106
1472677200,1308.98,1315.2365,1302.5685,1313.8395,35560
1472763600,1313.8395,1330.3025,1303.858,1325.4725,63563
1473022800,1325.4725,1328.7535,1321.874,1326.7435,17612
1473109200,1326.7435,1352.8545,1324.9385,1349.814,37858
1473195600,1349.814,1352.677,1342.803,1345.1085,30546
1473282000,1345.1085,1349.494,1335.584,1337.983,44378
1473368400,1337.983,1339.72,1326.985,1326.985,33460
1473627600,1326.985,1330.378,1320.4375,1327.9285,45988
1473714000,1327.9285,1332.1295,1315.694,1318.8435,42464
1473800400,1318.8435,1326.107,1313.645,1322.746,34819
1473886800,1322.746,1328.5515,1309.4275,1314.479,46940
1473973200,1314.479,1318.201,1306.3285,1310.1955,34726
1474232400,1310.1955,1318.5895,1309.56,1313.3095,25685
1474318800,1313.3095,1318.029,1312.0755,1314.9125,17055
1474405200,1314.9125,1337.4935,1307.851,1335.5015,66916
1474491600,1335.5015,1343.731,1331.258,1336.8905,29743
1474578000,1336.8905,1340.7165,1333.923,1338.169,22619
1474837200,1338.169,1342.2365,1332.793,1337.871,23153
1474923600,1337.871,1339.6825,1324.6705,1326.997,29288
1475010000,1326.997,1327.684,1318.087,1321.9205,22942
1475096400,1321.9205,1325.972,1315.7365,1320.5325,27321
1475182800,1320.5325,1328.1895,1313.3525,1316.0645,36852
1475442000,1316.0645,1319.7,1309.394,1311.5035,22625
1475528400,1311.5035,1313.134,1266.9925,1268.3715,52241
1475614800,1268.3715,1277.2635,1262.221,1266.768,37540
1475701200,1266.768,1269.525,1249.915,1254.791,30534
1475787600,1254.791,1265.607,1241.511,1257.4635,76919
1476046800,1257.4635,1265.0505,1256.7055,1259.3485,27878
1476133200,1259.3485,1262.317,1252.6315,1252.7955,29430
1476219600,1252.7955,1259.0285,1249.817,1255.365,31463
1476306000,1255.365,1262.4565,1253.209,1258.1115,31054
1476392400,1258.1115,1259.669,1246.146,1251.5925,38146
1476651600,1251.5925,1257.328,1250.292,1255.8455,22144
1476738000,1255.8455,1264.8315,1255.1285,1262.564,23740
1476824400,1262.564,1273.4365,1260.3895,1269.5765,23122
1476910800,1269.5765,1274.8795,1264.899,1265.9685,24442
1476997200,1265.9685,1268.0955,1261.284,1266.3755,16570
1477256400,1266.3755,1272.0195,1260.421,1264.615,20644
1477342800,1264.615,1276.8035,1262.2045,1274.03,22058
1477429200,1274.03,1276.5705,1264.829,1267.1945,22486
1477515600,1267.1945,1272.8745,1265.1055,1268.194,21950
1477602000,1268.194,1284.403,1261.8135,1275.792,43500
1477861200,1275.792,1279.725,1271.262,1276.8675,25786
1477947600,1276.8675,1292.0325,1275.635,1288.261,33716
1478034000,1288.261,1308.0775,1287.402,1296.257,42586
1478120400,1296.257,1307.2085,1285.771,1302.5835,38220
1478206800,1302.5835,1307.3,1294.8235,1305.1135,40044
1478469600,1305.1135,1305.1135,1278.277,1281.7945,35320
1478556000,1281.7945,1290.895,1272.974,1276.007,34286
1478642400,1276.007,1337.495,1268.349,1277.939,369870
1478728800,1277.939,1292.3845,1252.399,1259.013,116664
1478815200,1259.013,1265.568,1219.1785,1227.8555,126951
1479074400,1227.8555,1231.409,1211.6515,1221.3135,123383
1479160800,1221.3135,1231.6995,1219.015,1228.7095,76715
1479247200,1228.7095,1233.2355,1221.549,1224.9555,57219
1479333600,1224.9555,1231.5395,1210.98,1216.4015,61650
1479420000,1216.4015,1217.9715,1202.525,1207.8835,72407
1479679200,1207.8835,1217.9865,1205.7195,1214.1725,46721
1479765600,1214.1725,1221.147,1206.199,1212.3545,53302
1479852000,1212.3545,1215.139,1181.8025,1187.722,69713
1479938400,1187.722,1190.966,1180.3165,1183.445,43392
1480024800,1183.445,1193.412,1170.938,1184.2895,80402
1480284000,1184.2895,1197.7475,1182.787,1193.4065,52938
1480370400,1193.4065,1195.349,1181.174,1188.456,50302
1480456800,1188.456,1195.046,1170.0555,1173.3295,67263
1480543200,1173.3295,1176.8835,1160.8295,1171.6645,67087
1480629600,1171.6645,1178.2285,1166.8385,1177.287,52868
1480888800,1177.287,1188.267,1157.1585,1170.296,70706
1480975200,1170.296,1175.438,1166.9095,1169.7715,37474
1481061600,1169.7715,1180.2995,1165.6275,1174.315,33166
1481148000,1174.315,1178.8425,1169.298,1170.6405,52378
1481234400,1170.6405,1172.0995,1156.2945,1159.8395,39744
1481493600,1159.8395,1165.8825,1151.1185,1162.4025,41904
1481580000,1162.4025,1165.121,1154.675,1158.1865,35035
1481666400,1158.1865,1165.353,1139.0875,1143.395,61274
1481752800,1143.395,1144.4825,1122.751,1128.1635,67656
1481839200,1128.1635,1141.3825,1126.7855,1134.7365,45013
1482098400,1134.7365,1142.508,1134.0635,1138.6715,38161
1482184800,1138.6715,1139.929,1125.873,1132.3615,39726
1482271200,1132.3615,1137.214,1129.4925,1131.5465,28249
1482357600,1131.5465,1134.204,1127.8575,1128.729,27485
1482444000,1128.729,1136.0145,1128.344,1132.388,16375
1482789600,1132.388,1151.073,1131.709,1138.857,22807
1482876000,1138.857,1144.594,1136.5815,1141.211,21516
1482962400,1141.211,1159.6655,1141.211,1157.9935,33663
1483048800,1157.9935,1163.4065,1149.785,1151.61,43862
1483394400,1151.61,1165.052,1146.157,1158.83,50311
1483480800,1158.83,1168.054,1156.318,1163.274,42513
1483567200,1163.274,1185.151,1162.832,1180.461,66057
1483653600,1180.461,1183.374,1170.977,1172.6905,55785
1483912800,1172.6905,1186.253,1172.038,1180.666,36564
1483999200,1180.666,1190.702,1180.302,1187.6915,41110
1484085600,1187.6915,1198.348,1177.24,1191.569,77448
1484172000,1191.569,1207.047,1190.953,1195.393,60638
1484258400,1195.393,1201.918,1187.96,1197.383,53860
1484517600,1197.383,1208.762,1197.383,1203.017,29930
1484604000,1203.017,1218.944,1202.768,1217.0405,58242
1484690400,1217.0405,1217.879,1202.475,1204.0605,43237
1484776800,1204.0605,1206.724,1195.922,1204.7245,59842
1484863200,1204.7245,1215.084,1198.728,1210.395,63210
1485122400,1210.395,1219.601,1209.358,1218.0785,52270
1485208800,1218.0785,1220.224,1206.673,1209.009,37641
1485295200,1209.009,1209.968,1193.328,1200.2475,41502
1485381600,1200.2475,1202.73,1184.515,1188.6975,40457
1485468000,1188.6975,1191.836,1180.59,1191.082,38930
1485727200,1191.082,1199.502,1188.338,1195.369,34859
1485813600,1195.369,1215.437,1193.839,1210.5705,51908
1485900000,1210.5705,1213.31,1198.178,1209.7235,48782
1485986400,1209.7235,1225.409,1208.48,1215.853,43227
1486072800,1215.853,1221.492,1206.846,1220.5935,48235
1486332000,1220.5935,1235.662,1219.236,1235.368,32648
1486418400,1235.368,1235.928,1227.756,1233.6765,27740
1486504800,1233.6765,1244.83,1230.204,1241.5605,30639
1486591200,1241.5605,1244.616,1225.696,1228.7835,34032
1486677600,1228.7835,1237.21,1221.714,1233.755,37587
1486936800,1233.755,1233.755,1219.44,1225.3875,17974
1487023200,1225.3875,1234.608,1221.971,1228.596,27365
1487109600,1228.596,1233.562,1216.752,1233.5455,25240
1487196000,1233.5455,1242.464,1232.214,1239.4495,23071
1487282400,1239.4495,1243.85,1234.416,1234.7255,17279
1487541600,1234.7255,1239.074,1232.662,1237.5545,9664
1487628000,1237.5545,1238.948,1226.248,1235.9105,15426
1487714400,1235.9105,1241.056,1231.268,1237.384,24157
1487800800,1237.384,1251.171,1235.813,1249.576,24991
1487887200,1249.576,1260.198,1247.8655,1257.3295,17227
1488146400,1257.3295,1263.944,1251.041,1252.933,21167
1488232800,1252.933,1258.504,1247.716,1248.295,25219
1488319200,1248.295,1250.719,1237.016,1249.6405,50308
1488405600,1249.6405,1250.206,1231.042,1234.3315,59637
1488492000,1234.3315,1236.36,1222.911,1234.974,53866
1488751200,1234.974,1236.95,1225.018,1225.401,18252
1488837600,1225.401,1227.274,1214.256,1215.764,17310
1488924000,1215.764,1218.663,1206.708,1208.3085,21025
1489010400,1208.3085,1209.097,1199.357,1201.087,23301
1489096800,1201.087,1206.442,1195.067,1204.6815,35332
1489352400,1204.6815,1211.26,1202.524,1204.1635,24202
1489438800,1204.1635,1207.712,1197.294,1198.8245,26067
1489525200,1198.8245,1222.154,1197.676,1219.538,50646
1489611600,1219.538,1233.884,1218.176,1226.525,36654
1489698000,1226.525,1231.782,1224.556,1229.3345,24040
1489957200,1229.3345,1235.631,1229.3345,1234.164,22812
1490043600,1234.164,1247.7,1226.962,1244.591,41165
1490130000,1244.591,1251.436,1243.968,1249.0085,43076
1490216400,1249.0085,1253.408,1242.812,1245.206,46652
1490302800,1245.206,1251.998,1240.998,1243.449,34644
1490562000,1243.449,1261.081,1243.449,1254.4735,31591
1490648400,1254.4735,1258.502,1247.77,1251.928,24771
1490734800,1251.928,1254.758,1247.388,1253.5995,24511
1490821200,1253.5995,1253.952,1242.458,1243.203,32513
1490907600,1243.203,1250.722,1239.677,1249.119,31003
1491166800,1249.119,1253.844,1244.598,1253.6755,27426
1491253200,1253.6755,1261.423,1253.666,1256.251,28084
1491339600,1256.251,1257.399,1243.821,1255.615,45532
1491426000,1255.615,1259.038,1249.826,1251.986,33794
1491512400,1251.986,1271.122,1250.683,1254.437,77937
1491771600,1254.437,1257.216,1247.112,1254.601,27905
1491858000,1254.601,1275.216,1253.165,1274.523,40740
1491944400,1274.523,1286.874,1271.97,1286.514,44965
1492030800,1286.514,1288.644,1281.86,1287.5825,36867
1492376400,1287.5825,1295.612,1281.405,1284.7125,31802
1492462800,1284.7125,1292.45,1278.979,1289.54,39909
1492549200,1289.54,1290.857,1273.904,1279.9125,36707
1492635600,1279.9125,1283.503,1276.742,1282.121,40180
1492722000,1282.121,1288.386,1278.616,1284.265,35950
1492981200,1284.265,1284.265,1265.676,1275.575,50888
1493067600,1275.575,1278.232,1261.642,1263.8375,31215
1493154000,1263.8375,1271.017,1259.97,1268.908,44474
1493240400,1268.908,1269.717,1260.98,1264.429,33779
1493326800,1264.429,1268.62,1263.158,1268.229,31325
1493586000,1268.229,1271.295,1254.232,1256.668,32789
1493672400,1256.668,1257.904,1251.986,1256.8795,28376
1493758800,1256.8795,1257.09,1235.91,1237.727,47705
1493845200,1237.727,1241.342,1225.579,1227.8945,45081
1493931600,1227.8945,1235.708,1226.182,1228.368,47091
1494190800,1228.368,1236.652,1221.844,1226.019,31865
1494277200,1226.019,1228.69,1214.392,1221.049,32921
1494363600,1221.049,1225.786,1217.71,1219.06,29576
1494450000,1219.06,1227.851,1216.994,1225.0045,25788
1494536400,1225.0045,1231.872,1224.5,1228.021,23562
1494795600,1228.021,1237.441,1226.975,1230.4175,24726
1494882000,1230.4175,1239.248,1230.4175,1236.976,24049
1494968400,1236.976,1261.46,1236.552,1261.273,51580
1495054800,1261.273,1265.091,1246.028,1247.155,76448
1495141200,1247.155,1256.53,1246.43,1255.759,41738
1495400400,1255.759,1262.682,1251.857,1260.401,28903
1495486800,1260.401,1263.895,1250.749,1251.2295,39994
1495573200,1251.2295,1259.087,1247.979,1258.7105,40847
1495659600,1258.7105,1259.789,1253.861,1255.628,26677
1495746000,1255.628,1269.543,1253.264,1266.928,30607
1496005200,1266.928,1269.268,1265.12,1266.8045,9278
1496091600,1266.8045,1270.644,1259.382,1262.956,26977
1496178000,1262.956,1274.215,1259.645,1268.8085,27825
1496264400,1268.8085,1270.387,1261.524,1265.8925,27018
1496350800,1265.8925,1279.677,1259.044,1279.29,38476
1496610000,1279.29,1283.534,1277.817,1279.4975,21100
1496696400,1279.4975,1296.208,1279.417,1294.134,31939
1496782800,1294.134,1295.36,1282.718,1286.886,30640
1496869200,1286.886,1289.076,1271.376,1277.7855,41069
1496955600,1277.7855,1282.025,1264.771,1266.732,38543
1497214800,1266.732,1270.435,1263.708,1265.9055,28437
1497301200,1265.9055,1269.048,1259.231,1266.5075,20304
1497387600,1266.5075,1281.204,1257.252,1261.2235,66597
1497474000,1261.2235,1266.753,1251.534,1253.9715,39192
1497560400,1253.9715,1257.272,1251.881,1254.449,22187
1497819600,1254.449,1255.823,1243.069,1243.7325,20765
1497906000,1243.7325,1248.177,1241.405,1243.299,19915
1497992400,1243.299,1247.892,1240.902,1246.516,21812
1498078800,1246.516,1255.078,1245.888,1250.599,24858
1498165200,1250.599,1258.912,1249.921,1256.7525,17185
1498424400,1256.7525,1258.272,1236.006,1244.617,37322
1498510800,1244.617,1253.324,1241.441,1247.1605,27531
1498597200,1247.1605,1255.1,1246.458,1249.2075,34203
1498683600,1249.2075,1253.296,1239.866,1245.364,38880
1498770000,1245.364,1248.374,1239.309,1242.118,31131
1499029200,1242.118,1242.826,1218.661,1220.307,30423
1499115600,1220.307,1226.647,1220.307,1223.368,16083
1499202000,1223.368,1228.945,1217.227,1226.929,34114
1499288400,1226.929,1229.301,1222.62,1225.2015,32732
1499374800,1225.2015,1228.704,1207.416,1212.935,46222
1499634000,1212.935,1215.723,1204.89,1214.2845,28104
1499720400,1214.2845,1217.55,1208.304,1217.4555,26203
1499806800,1217.4555,1225.85,1213.534,1220.4045,35706
1499893200,1220.4045,1224.544,1216.66,1217.5,24593
1499979600,1217.5,1233.042,1214.91,1228.971,29912
1500238800,1228.971,1236.122,1228.282,1234.0455,20084
1500325200,1234.0455,1244.622,1232.85,1242.4145,25741
1500411600,1242.4145,1244.138,1235.616,1241.233,18309
1500498000,1241.233,1247.62,1235.363,1244.559,28265
1500584400,1244.559,1255.7625,1243.421,1254.9845,19194
1500843600,1254.9845,1258.867,1252.006,1255.1695,20697
1500930000,1255.1695,1257.843,1249.178,1250.1895,25776
1501016400,1250.1895,1263.62,1243.821,1261.012,33854
1501102800,1261.012,1265.366,1254.584,1259.2015,33675
1501189200,1259.2015,1270.962,1257.459,1269.5595,33442
1501448400,1269.5595,1271.232,1265.877,1269.507,21535
1501534800,1269.507,1274.204,1262.556,1268.8275,29945
1501621200,1268.8275,1272.948,1262.998,1266.673,30236
1501707600,1266.673,1270.88,1256.248,1268.625,32940
1501794000,1268.625,1270.338,1254.271,1259.177,37967
1502053200,1259.177,1260.039,1255.829,1257.8285,18315
1502139600,1257.8285,1265.346,1251.614,1260.7385,31025
1502226000,1260.7385,1278.788,1260.7385,1277.3845,44801
1502312400,1277.3845,1287.925,1274.745,1286.4595,41520
1502398800,1286.4595,1292.354,1281.356,1289.36,50679
1502658000,1289.36,1290.042,1278.685,1281.8475,37135
1502744400,1281.8475,1282.182,1267.397,1271.3675,40097
1502830800,1271.3675,1283.921,1267.734,1283.1535,43089
1502917200,1283.1535,1290.253,1281.254,1287.897,56928
1503003600,1287.897,1300.926,1283.474,1284.523,71122
1503262800,1284.523,1294.081,1280.613,1291.988,42717
1503349200,1291.988,1292.608,1282.053,1285.0845,37263
1503435600,1285.0845,1291.598,1282.834,1290.7325,34369
1503522000,1290.7325,1291.298,1284.492,1286.519,34707
1503608400,1286.519,1295.152,1276.196,1291.443,62097
1503867600,1291.443,1312.21,1291.443,1310,36889
1503954000,1310,1326.132,1305.06,1309.548,94262
1504040400,1309.548,1313.777,1305.206,1308.8095,55713
1504126800,1308.8095,1323.69,1297.876,1321.37,58319
1504213200,1321.37,1329.053,1316.452,1324.876,68621
1504472400,1324.876,1340.038,1324.876,1334.5905,37628
1504558800,1334.5905,1344.421,1326.267,1339.678,64886
1504645200,1339.678,1342.502,1331.64,1334.1595,56749
1504731600,1334.1595,1349.822,1332.594,1349.056,62523
1504818000,1349.056,1357.624,1342.874,1346.7815,66630
1505077200,1346.7815,1346.7815,1326.43,1327.803,45713
1505163600,1327.803,1332.115,1322.678,1331.9505,41816
1505250000,1331.9505,1334.856,1320.898,1323.2605,41752
1505336400,1323.2605,1330.722,1315.683,1329.5075,58175
1505422800,1329.5075,1334.467,1319.744,1320.66,59126
1505682000,1320.66,1320.66,1304.706,1307.4585,34197
1505768400,1307.4585,1311.795,1305.186,1311.1955,39955
1505854800,1311.1955,1316.292,1296.06,1301.1225,59420
1505941200,1301.1225,1301.986,1288.15,1291.4095,51163
1506027600,1291.4095,1298.868,1291.36,1297.293,37354
1506286800,1297.293,1312.508,1289.099,1310.511,51999
1506373200,1310.511,1313.809,1292.286,1293.7255,52284
1506459600,1293.7255,1296.344,1281.58,1282.9155,58264
1506546000,1282.9155,1288.746,1277.806,1287.4415,43125
1506632400,1287.4415,1290.503,1275.633,1280.081,42330
1506891600,1280.081,1280.27,1269.77,1271.1555,38242
1506978000,1271.1555,1274.784,1268.418,1271.78,25732
1507064400,1271.78,1282.32,1270.588,1274.726,31513
1507150800,1274.726,1279.026,1266.498,1268.268,27972
1507237200,1268.268,1276.971,1260.668,1276.372,48640
1507496400,1276.372,1285.592,1275.331,1283.9735,23759
1507582800,1283.9735,1294.306,1282.21,1287.7845,35290
1507669200,1287.7845,1293.688,1284.644,1291.8165,36896
1507755600,1291.8165,1297.565,1289.71,1293.54,28717
1507842000,1293.54,1304.299,1291.084,1303.797,37954
1508101200,1303.797,1306.138,1290.581,1295.074,31729
1508187600,1295.074,1296.375,1281.414,1285.131,32618
1508274000,1285.131,1288.889,1276.99,1281.1075,29501
1508360400,1281.1075,1291.078,1276.729,1289.798,44372
1508446800,1289.798,1291.218,1278.022,1280.368,39676
1508706000,1280.368,1283.344,1272.554,1282.0315,33271
1508792400,1282.0315,1283.772,1273.704,1276.767,33047
1508878800,1276.767,1280.1,1271.088,1277.523,44292
1508965200,1277.523,1282.59,1265.925,1267.1675,42793
1509051600,1267.1675,1274.707,1263.582,1274.131,44299
1509310800,1274.131,1278.89,1268.999,1276.407,29959
1509397200,1276.407,1278.242,1267.844,1271.2125,24137
1509483600,1271.2125,1280.92,1267.988,1274.654,44099
1509570000,1274.654,1284.271,1273.32,1275.9,44685
1509656400,1275.9,1280.59,1265.534,1269.9905,34353
1509919200,1269.9905,1283.082,1266.174,1281.8675,34390
1510005600,1281.8675,1282.078,1271.974,1275.201,28773
1510092000,1275.201,1287.262,1275.201,1281.5435,30478
1510178400,1281.5435,1288.744,1280.056,1285.144,43151
1510264800,1285.144,1287.191,1273.506,1275.413,34174
1510524000,1275.413,1279.898,1274.407,1278.412,22887
1510610400,1278.412,1283.638,1270.118,1280.0715,33359
1510696800,1280.0715,1289.606,1276.709,1278.1625,46138
1510783200,1278.1625,1281.884,1275.175,1278.7525,30633
1510869600,1278.7525,1296.984,1278.308,1294.343,38505
1511128800,1294.343,1294.956,1274.518,1276.9205,40079
1511215200,1276.9205,1284.832,1276.272,1280.464,32220
1511301600,1280.464,1294.696,1279.115,1292.2095,34381
1511388000,1292.2095,1293.712,1287.128,1291.2025,18806
1511474400,1291.2025,1293.339,1285.813,1288.457,24795
1511733600,1288.457,1299.326,1286.79,1294.3755,29279
1511820000,1294.3755,1297.572,1290.712,1293.576,34139
1511906400,1293.576,1296.761,1282.09,1283.6485,41154
1511992800,1283.6485,1285.382,1270.371,1275.025,38264
1512079200,1275.025,1289.304,1271.824,1280.637,72185
1512338400,1280.637,1280.637,1271.202,1276.075,37713
1512424800,1276.075,1277.2,1260.978,1266.1105,35224
1512511200,1266.1105,1269.346,1262.658,1263.5775,31531
1512597600,1263.5775,1264.627,1243.958,1247.168,31093
1512684000,1247.168,1252.416,1244.006,1248.3,32549
1512943200,1248.3,1251.5445,1240.804,1242.196,19606
1513029600,1242.196,1246.274,1236.527,1244.505,20759
1513116000,1244.505,1257.188,1240.299,1255.6215,44001
1513202400,1255.6215,1259.174,1250.544,1252.7165,30726
1513288800,1252.7165,1261.957,1252.628,1255.157,26703
1513548000,1255.157,1264.084,1252.872,1262.1325,22683
1513634400,1262.1325,1265.388,1259.236,1261.599,20429
1513720800,1261.599,1268.003,1261.426,1265.5395,19037
1513807200,1265.5395,1268.97,1262.892,1266.7725,18578
1513893600,1266.7725,1276.203,1265.082,1274.756,18005
1514239200,1274.756,1283.843,1273.408,1282.7685,17345
1514325600,1282.7685,1289.034,1281.351,1287.2085,18689
1514412000,1287.2085,1295.274,1287.064,1294.808,23017
1514498400,1294.808,1307.676,1293.944,1303.247,19500
1514844000,1303.247,1318.9465,1302.9,1317.625,24327
1514930400,1317.625,1321.588,1307.338,1313.1355,32362
1515016800,1313.1355,1326.064,1305.937,1322.731,31435
1515103200,1322.731,1323.508,1313.678,1319.864,31175
1515362400,1319.864,1322.18,1314.754,1320.3415,21211
1515448800,1320.3415,1320.547,1308.868,1312.8585,25232
1515535200,1312.8585,1327.874,1308.318,1316.7715,43827
1515621600,1316.7715,1324.096,1315.82,1322.5245,31769
1515708000,1322.5245,1339.434,1321.502,1338.425,40549
1515967200,1338.425,1344.874,1336.003,1340.793,31881
1516053600,1340.793,1342.439,1331.912,1338.5645,37837
1516140000,1338.5645,1344.082,1326.388,1327.366,47612
1516226400,1327.366,1333.2,1324.3,1326.879,43566
1516312800,1326.879,1338.161,1326.336,1331.678,38774
1516572000,1331.678,1335.784,1328.5,1333.934,30245
1516658400,1333.934,1341.849,1331.474,1341.2595,35312
1516744800,1341.2595,1362.236,1339.58,1358.5435,45406
1516831200,1358.5435,1366.112,1342.442,1348.25,91452
1516917600,1348.25,1357.233,1344.668,1349.765,68504
1517176800,1349.765,1352.506,1337.64,1340.388,49754
1517263200,1340.388,1349.067,1334.502,1338.5505,56107
1517349600,1338.5505,1347.532,1332.9,1345.057,73695
1517436000,1345.057,1351.06,1337.328,1349.77,50978
1517522400,1349.77,1350.18,1327.472,1333.081,71837
1517781600,1333.081,1341.784,1329.056,1339.6695,83166
1517868000,1339.6695,1346.192,1320.264,1324.2945,104863
1517954400,1324.2945,1332.363,1311.378,1318.475,71427
1518040800,1318.475,1322.333,1307.081,1318.781,71427
1518127200,1318.781,1322.835,1311.207,1316.47,80424
1518386400,1316.47,1326.697,1314.294,1322.738,39344
1518472800,1322.738,1331.034,1321.672,1329.356,36945
1518559200,1329.356,1355.522,1318.002,1350.6565,81020
1518645600,1350.6565,1357.19,1348.612,1352.557,50400
1518732000,1352.557,1361.796,1344.9,1347.532,54262
1518991200,1347.532,1351.463,1345.818,1346.6505,22073
1519077600,1346.6505,1348.412,1328.582,1329.662,44679
1519164000,1329.662,1336.35,1322.438,1324.5695,63516
1519250400,1324.5695,1332.07,1321.026,1331.824,43211
1519336800,1331.824,1332.337,1325.876,1329.623,30203
1519596000,1329.623,1341.072,1326.728,1333.172,36841
1519682400,1333.172,1336.836,1313.452,1318.6345,49877
1519768800,1318.6345,1322.64,1315.734,1318.381,34888
1519855200,1318.381,1321.252,1302.832,1316.9815,67947
1519941600,1316.9815,1325.58,1315.268,1322.064,46551
1520200800,1322.064,1327.87,1317.609,1320.201,32008
1520287200,1320.201,1338.469,1320.024,1334.7165,39196
1520373600,1334.7165,1340.6,1322.27,1325.6265,46452
1520460000,1325.6265,1329.146,1319.049,1321.9225,36881
1520546400,1321.9225,1325.258,1312.862,1323.532,50030
1520802000,1323.532,1324.408,1315.109,1322.9325,28888
1520888400,1322.9325,1328.42,1313.678,1326.431,48294
1520974800,1326.431,1330.162,1321.522,1325.068,36657
1521061200,1325.068,1328.012,1315.046,1316.301,32562
1521147600,1316.301,1321.769,1309.687,1314.435,32490
1521406800,1314.435,1319.726,1307.77,1317.085,32893
1521493200,1317.085,1318.379,1307.21,1311.208,30433
1521579600,1311.208,1336.814,1309.874,1332.231,72530
1521666000,1332.231,1335.041,1324.806,1328.874,50363
1521752400,1328.874,1350.334,1328.874,1348.008,57205
1522011600,1348.008,1355.948,1343.552,1353.7765,33769
1522098000,1353.7765,1356.917,1339.925,1345.091,42407
1522184400,1345.091,1347.156,1323.508,1325.0425,44931
1522270800,1325.0425,1328.3865,1321.248,1325.2385,38615
1522616400,1325.2385,1344.99,1324.854,1341.5065,38601
1522702800,1341.5065,1342.56,1328.94,1332.76,39064
1522789200,1332.76,1348.266,1331.564,1333.3785,51459
1522875600,1333.3785,1334.966,1322.84,1326.647,38397
1522962000,1326.647,1335.592,1320.075,1333.3325,67452
1523221200,1333.3325,1338.1,1326.93,1336.3005,38702
1523307600,1336.3005,1342.728,1331.092,1339.725,43060
1523394000,1339.725,1365.37,1339.253,1353.275,62962
1523480400,1353.275,1353.275,1333.776,1335.099,59398
1523566800,1335.099,1347.286,1333.481,1345.9,44383
1523826000,1345.9,1350.586,1340.26,1345.886,47180
1523912400,1345.886,1349.45,1337.71,1347.172,40254
1523998800,1347.172,1355.81,1342.376,1349.41,45354
1524085200,1349.41,1354.757,1340.97,1345.742,57438
1524171600,1345.742,1346.244,1335.006,1336.154,41559
1524430800,1336.154,1336.154,1322.182,1324.848,42431
1524517200,1324.848,1332.78,1322.08,1330.47,46921
1524603600,1330.47,1332.132,1318.864,1322.877,36740
1524690000,1322.877,1326.716,1315.286,1317.037,48399
1524776400,1317.037,1325.294,1315.41,1323.699,40118
1525035600,1323.699,1325.032,1310.3,1315.6,43723
1525122000,1315.6,1316.366,1301.756,1304.089,37257
1525208400,1304.089,1313.724,1303.964,1304.86,57956
1525294800,1304.86,1318.184,1304.662,1312.267,50636
1525381200,1312.267,1315.743,1307.946,1314.994,48367
1525640400,1314.994,1319.17,1310.27,1314.304,34494
1525726800,1314.304,1318.04,1306.159,1314.514,56556
1525813200,1314.514,1317.503,1304.332,1312.801,47936
1525899600,1312.801,1323.187,1310.79,1321.312,52216
1525986000,1321.312,1326.046,1317.645,1318.571,33072
1526245200,1318.571,1322.431,1313.012,1313.548,28310
1526331600,1313.548,1314.988,1288.713,1290.983,40797
1526418000,1290.983,1297.028,1286.375,1290.696,38307
1526504400,1290.696,1294.471,1284.914,1290.964,35667
1526590800,1290.964,1294.278,1286.12,1292.603,26819
1526850000,1292.603,1293.218,1282.031,1292.686,30053
1526936400,1292.686,1296.641,1287.951,1291.41,29969
1527022800,1291.41,1299.008,1287.877,1293.508,45768
1527109200,1293.508,1306.636,1292.84,1304.872,34805
1527195600,1304.872,1307.89,1299.902,1301.826,30535
1527454800,1301.826,1301.826,1295.512,1298.138,22204
1527541200,1298.138,1306.723,1292.892,1299.151,63789
1527627600,1299.151,1304.405,1295.91,1301.171,55010
1527714000,1301.171,1306.912,1297.542,1298.447,47747
1527800400,1298.447,1300.73,1289.567,1293.668,44349
1528059600,1293.668,1298.09,1290.306,1292.02,29740
1528146000,1292.02,1300.631,1289.908,1296.028,30669
1528232400,1296.028,1301.913,1293.902,1296.608,29172
1528318800,1296.608,1303.327,1294.944,1296.96,33665
1528405200,1296.96,1300.586,1292.707,1299.235,30814
1528664400,1299.235,1302.334,1294.206,1300.188,22521
1528750800,1300.188,1300.756,1292.896,1296.008,30110
1528837200,1296.008,1301.259,1292.051,1299.554,38108
1528923600,1299.554,1309.404,1297.578,1302.348,38660
1529010000,1302.348,1303.252,1275.502,1279.665,47867
1529269200,1279.665,1282.462,1277.124,1278.362,25169
1529355600,1278.362,1284.098,1270.442,1274.847,38880
1529442000,1274.847,1276.505,1267.595,1268.126,33068
1529528400,1268.126,1270.234,1261.259,1267.142,37398
1529614800,1267.142,1271.176,1266.75,1269.96,26452
1529874000,1269.96,1272.702,1264.533,1265.622,27933
1529960400,1265.622,1267.804,1254.791,1258.84,30457
1530046800,1258.84,1260.18,1250.792,1252.37,37391
1530133200,1252.37,1254.316,1245.98,1248.34,31954
1530219600,1248.34,1255.674,1245.994,1253.022,28835
1530478800,1253.022,1254.334,1239.708,1242.036,27013
1530565200,1242.036,1256.98,1238.02,1252.26,30527
1530651600,1252.26,1261.181,1252.108,1256.912,24692
1530738000,1256.912,1259.815,1251.38,1257.498,30873
1530824400,1257.498,1259.575,1252.934,1255.257,31319
1531083600,1255.257,1266.023,1255.013,1257.876,25249
1531170000,1257.876,1260.45,1247.356,1255.712,28478
1531256400,1255.712,1257.05,1241.605,1242.236,41216
1531342800,1242.236,1248.628,1241.416,1247.039,26403
1531429200,1247.039,1248.206,1236.518,1241.68,29387
1531688400,1241.68,1245.654,1238.374,1241.072,23234
1531774800,1241.072,1245.101,1226.168,1227.801,32658
1531861200,1227.801,1229.281,1221.094,1227.54,27198
1531947600,1227.54,1229.603,1211.52,1223.223,49987
1532034000,1223.223,1232.37,1215.64,1231.212,48457
1532293200,1231.212,1235.238,1222.338,1224.76,38280
1532379600,1224.76,1229.624,1218.192,1224.528,38864
1532466000,1224.528,1234.222,1223.296,1232.306,36918
1532552400,1232.306,1235.298,1222.411,1222.76,34598
1532638800,1222.76,1227.48,1217.594,1223.459,30724
1532898000,1223.459,1225.133,1219.041,1221.595,19248
1532984400,1221.595,1228.589,1214.004,1223.818,36609
1533070800,1223.818,1224.961,1215.855,1216.028,27681
1533157200,1216.028,1221.164,1207.214,1207.936,26712
1533243600,1207.936,1220.115,1204.528,1213.879,32287
1533502800,1213.879,1217.988,1206.456,1207.36,20913
1533589200,1207.36,1216.24,1207.36,1211.032,18929
1533675600,1211.032,1215.959,1206.535,1213.685,24377
1533762000,1213.685,1217.404,1210.832,1212.332,25778
1533848400,1212.332,1217.194,1205.78,1212.019,42108
1534107600,1212.019,1213.983,1191.573,1193.804,40699
1534194000,1193.804,1198.788,1191.98,1194.111,26298
1534280400,1194.111,1194.751,1173.101,1174.954,38846
1534366800,1174.954,1182.185,1160.324,1174.27,59887
1534453200,1174.27,1185.23,1171.918,1184.679,38605
1534712400,1184.679,1190.924,1182.895,1190.586,27287
1534798800,1190.586,1197.057,1187.713,1195.828,29051
1534885200,1195.828,1201.715,1192.658,1195.946,31072
1534971600,1195.946,1196.76,1183.862,1185.278,29117
1535058000,1185.278,1208.715,1183.15,1205.782,36875
1535317200,1205.782,1212.453,1203.214,1211.288,24872
1535403600,1211.288,1214.41,1199.686,1201.045,28713
1535490000,1201.045,1207.373,1200.889,1206.691,29746
1535576400,1206.691,1207.962,1195.945,1200.085,45587
1535662800,1200.085,1208.948,1198.249,1201.055,34713
1535922000,1201.055,1203.954,1195.732,1201.388,18826
1536008400,1201.388,1202.32,1189.686,1191.406,33338
1536094800,1191.406,1198.546,1190.921,1195.956,24942
1536181200,1195.956,1207.084,1195.672,1200.247,33278
1536267600,1200.247,1203.574,1193.525,1196.55,42550
1536526800,1196.55,1198.62,1191.638,1195.799,26139
1536613200,1195.799,1199.462,1187.818,1198.468,25168
1536699600,1198.468,1208.543,1192.731,1206.152,33299
1536786000,1206.152,1212.748,1200.148,1201.529,35944
1536872400,1201.529,1208.648,1192.938,1194.061,31608
1537131600,1194.061,1204.919,1192.89,1201.302,24344
1537218000,1201.302,1203.628,1195.9,1198.512,31725
1537304400,1198.512,1206.248,1197.744,1204.051,26736
1537390800,1204.051,1208.498,1201.344,1207.157,26867
1537477200,1207.157,1211.153,1192.023,1198.717,34547
1537736400,1198.717,1204.234,1194.464,1198.94,26426
1537822800,1198.94,1203.409,1197.197,1201.088,23245
1537909200,1201.088,1202.582,1190.588,1194.52,39772
1537995600,1194.52,1198.662,1181.906,1182.907,31998
1538082000,1182.907,1194.014,1180.77,1191.82,27324
1538341200,1191.82,1192.588,1184.62,1188.72,27675
1538427600,1188.72,1208.297,1188.594,1203.102,35003
1538514000,1203.102,1208.405,1196.674,1197.646,34174
1538600400,1197.646,1206.814,1196.02,1199.938,32890
1538686800,1199.938,1205.87,1197.296,1203.782,38015
1538946000,1203.782,1204.19,1182.9,1188.097,31799
1539032400,1188.097,1191.98,1183.382,1189.743,28553
1539118800,1189.743,1195.092,1185.375,1194.599,27963
1539205200,1194.599,1226.4,1191.367,1224.235,65384
1539291600,1224.235,1224.255,1215.898,1217.62,39858
1539550800,1217.62,1233.292,1216.991,1227.004,34638
1539637200,1227.004,1232.538,1223.508,1224.924,29709
1539723600,1224.924,1229.555,1220.668,1222.482,29255
1539810000,1222.482,1230.256,1218.737,1226.132,32216
1539896400,1226.132,1230.864,1223.111,1226.682,27539
1540155600,1226.682,1229.626,1220.137,1222.018,24231
1540242000,1222.018,1239.806,1221.754,1230.308,29930
1540328400,1230.308,1234.868,1225.719,1234.077,27589
1540414800,1234.077,1239.268,1228.134,1232.106,37064
1540501200,1232.106,1243.47,1230.156,1233.903,45365
1540760400,1233.903,1235.467,1224.426,1229.521,34059
1540846800,1229.521,1230.728,1219.922,1223.114,33349
1540933200,1223.114,1223.406,1212.001,1214.65,29281
1541019600,1214.65,1237.504,1214.65,1233.281,34943
1541106000,1233.281,1236.524,1229.836,1233.05,43435
1541368800,1233.05,1235.174,1226.922,1231.82,24104
1541455200,1231.82,1235.955,1223.533,1227.132,24814
1541541600,1227.132,1236.911,1223.04,1226.662,42771
1541628000,1226.662,1227.312,1220.282,1223.456,31261
1541714400,1223.456,1223.826,1206.734,1209.832,32989
1541973600,1209.832,1211.604,1200.186,1200.625,22841
1542060000,1200.625,1205.308,1196.436,1202.146,31986
1542146400,1202.146,1216.682,1197.76,1211.122,45392
1542232800,1211.122,1216.576,1207.677,1213.43,40283
1542319200,1213.43,1225.364,1213.266,1221.811,32839
1542578400,1221.811,1225.298,1218.096,1224.062,24823
1542664800,1224.062,1228.884,1219.964,1221.618,31508
1542751200,1221.618,1230.003,1219.866,1226.053,23779
1542837600,1226.053,1229.18,1224.998,1227.481,12401
1542924000,1227.481,1228.7,1220.382,1223.148,19450
1543183200,1223.148,1228.146,1221.821,1222.952,19465
1543269600,1222.952,1225.371,1211.98,1215.028,25703
1543356000,1215.028,1226.386,1211.281,1220.956,39702
1543442400,1220.956,1229.091,1220.556,1224.358,30399
1543528800,1224.358,1225.562,1216.751,1222.028,23495
1543788000,1222.028,1235.074,1221.381,1230.688,32307
1543874400,1230.688,1242.04,1230.529,1238.626,30049
1543960800,1238.626,1239.441,1233.416,1237.032,17086
1544047200,1237.032,1244.356,1234.788,1237.916,36446
1544133600,1237.916,1250.082,1237.384,1248.084,34975
1544392800,1248.084,1251.276,1241.642,1244.426,28287
1544479200,1244.426,1249.576,1241.092,1243.064,24646
1544565600,1243.064,1247.244,1242.092,1245.762,21713
1544652000,1245.762,1246.85,1240.181,1241.939,20333
1544738400,1241.939,1243.084,1233,1238.593,21883
1544997600,1238.593,1248.202,1235.867,1245.964,21300
1545084000,1245.964,1250.479,1245.168,1249.392,17436
1545170400,1249.392,1258.094,1241.854,1243.045,43384
1545256800,1243.045,1266.558,1242.793,1259.956,41569
1545343200,1259.956,1262.83,1254.014,1255.984,27489
1545602400,1255.984,1270.062,1255.984,1269.03,25651
1545688800,1269.03,1269.799,1269.03,1269.305,4
1545775200,1269.305,1279.128,1264.392,1266.828,41428
1545861600,1266.828,1278.991,1266.648,1275.606,40273
1545948000,1275.606,1282.237,1274.341,1281.362,31068
1546207200,1281.362,1284.202,1277.556,1282.413,23484
1546380000,1282.413,1288.84,1278.782,1284.343,32959
1546466400,1284.343,1295.01,1284.343,1294.097,45803
1546552800,1294.097,1298.633,1276.699,1285.145,46179
1546812000,1285.145,1295.106,1282.728,1289.123,27752
1546898400,1289.123,1290.323,1279.437,1285.293,23066
1546984800,1285.293,1293.928,1280.151,1293.202,31674
1547071200,1293.202,1297.194,1286.145,1286.498,26107
1547157600,1286.498,1295.254,1286.498,1287.62,24332
1547416800,1287.62,1295.954,1287.496,1291.416,23716
1547503200,1291.416,1294.707,1286.811,1289.372,26076
1547589600,1289.372,1295.046,1287.977,1293.663,18042
1547676000,1293.663,1295.431,1288.818,1292.038,21633
1547762400,1292.038,1292.636,1280.717,1281.689,21341
1548021600,1281.689,1283.652,1276.851,1280.28,9252
1548108000,1280.28,1285.62,1277.542,1285.024,16692
1548194400,1285.024,1286.594,1278.753,1282.793,16078
1548280800,1282.793,1284.895,1276.914,1281.019,22486
1548367200,1281.019,1304.099,1280.058,1303.2,23964
1548626400,1303.2,1304.52,1297.772,1303.179,17728
1548712800,1303.179,1312.084,1302.834,1311.478,22060
1548799200,1311.478,1323.374,1309.164,1319.815,22725
1548885600,1319.815,1326.312,1317.539,1321.293,13473
1548972000,1321.293,1323.582,1316.244,1317.796,12772
1549231200,1317.796,1319.129,1308.713,1311.714,9269
1549317600,1311.714,1316.95,1310.815,1315.177,8951
1549404000,1315.177,1315.872,1305.854,1306.508,8698
1549490400,1306.508,1311.958,1302.887,1310.258,10754
1549576800,1310.258,1315.652,1307.89,1314.12,8793
1549836000,1314.12,1314.887,1303.764,1308.115,9748
1549922400,1308.115,1314.795,1306.604,1310.764,8840
1550008800,1310.764,1318.192,1305.14,1306.336,11236
1550095200,1306.336,1314.416,1302.449,1312.133,14215
1550181600,1312.133,1322.543,1311.491,1321.053,11645
1550440800,1321.053,1327.598,1320.676,1326.499,5699
1550527200,1326.499,1341.88,1323.016,1341.008,12023
1550613600,1341.008,1346.743,1337.076,1338.543,15058
1550700000,1338.543,1341.574,1321.214,1323.356,15569
1550786400,1323.356,1333.127,1321.692,1328.062,12382
1551045600,1328.062,1332.606,1325.234,1327.536,11610
1551132000,1327.536,1330.25,1323.576,1328.974,11385
1551218400,1328.974,1329.947,1316.972,1320.022,11710
1551304800,1320.022,1327.342,1312.725,1312.971,13813
1551391200,1312.971,1315.258,1290.315,1293.311,17191
1551650400,1293.311,1297.12,1282.946,1286.688,14414
1551736800,1286.688,1289.642,1281.253,1287.916,12228
1551823200,1287.916,1290.984,1283.706,1286.319,11310
1551909600,1286.319,1289.054,1280.922,1285.471,12431
1551996000,1285.471,1300.836,1285.277,1298.889,15172
1552251600,1298.889,1299.148,1290.558,1293.49,9505
1552338000,1293.49,1302.26,1292.137,1301.446,10408
1552424400,1301.446,1311.288,1300.694,1309.252,9484
1552510800,1309.252,1310.419,1292.927,1296.388,11420
1552597200,1296.388,1306.447,1294.19,1302.434,11199
1552856400,1302.434,1306.776,1298.325,1303.734,8861
1552942800,1303.734,1310.931,1302.398,1306.482,9081
1553029200,1306.482,1317.002,1298.803,1312.352,18397
1553115600,1312.352,1320.434,1303.354,1309.292,14474
1553202000,1309.292,1314.962,1306.94,1313.666,15094
1553461200,1313.666,1324.568,1311.115,1321.879,11959
1553547600,1321.879,1323.319,1312.802,1315.552,13021
1553634000,1315.552,1319.361,1308.23,1309.8,17133
1553720400,1309.8,1312.357,1288.756,1290.39,16600
1553806800,1290.39,1299.808,1286.842,1292.412,15178
1554066000,1292.412,1297.077,1286.566,1287.744,14459
1554152400,1287.744,1292.47,1285.368,1292.272,10577
1554238800,1292.272,1294.527,1288.484,1289.861,10261
1554325200,1289.861,1294.446,1280.984,1291.948,12106
1554411600,1291.948,1293.648,1284.498,1291.698,13151
1554670800,1291.698,1303.752,1291.526,1297.534,9616
1554757200,1297.534,1306.228,1296.682,1304.058,10497
1554843600,1304.058,1310.602,1301.032,1308.022,11671
1554930000,1308.022,1309.24,1289.779,1292.785,13178
1555016400,1292.785,1295.824,1290.116,1290.233,10502
1555275600,1290.233,1292.022,1282.718,1288.015,10379
1555362000,1288.015,1288.747,1273.032,1276.781,12443
1555448400,1276.781,1279.827,1273.128,1274.091,10025
1555534800,1274.091,1277.689,1271.28,1275.68,10538
1555880400,1275.68,1279.876,1273.931,1274.99,7326
1555966800,1274.99,1276.536,1266.421,1272.222,9808
1556053200,1272.222,1278.548,1268.874,1275.611,9759
1556139600,1275.611,1282.648,1273.468,1277.187,10779
1556226000,1277.187,1288.743,1274.442,1286.137,12315
1556485200,1286.137,1286.742,1278.196,1279.98,8291
1556571600,1279.98,1286.164,1279.842,1283.532,10838
1556658000,1283.532,1287.236,1272.999,1276.812,17356
1556744400,1276.812,1278.059,1266.389,1270.644,12187
1556830800,1270.644,1282.505,1268.466,1279.072,13395
1557090000,1279.072,1285.861,1277.116,1280.505,14896
1557176400,1280.505,1286.143,1278.263,1284.254,11856
1557262800,1284.254,1291.513,1279.501,1281.167,12641
1557349200,1281.167,1288.201,1279.706,1283.972,14391
1557435600,1283.972,1289.447,1283.238,1285.97,14006
1557694800,1285.97,1301.363,1282.072,1299.705,13933
1557781200,1299.705,1303.364,1293.908,1296.984,9741
1557867600,1296.984,1300.922,1293.138,1296.318,11778
1557954000,1296.318,1298.756,1284.16,1286.825,11399
1558040400,1286.825,1288.988,1274.962,1277.532,11059
1558299600,1277.532,1279.034,1273.761,1277.53,10190
1558386000,1277.53,1277.982,1269.603,1274.778,8660
1558472400,1274.778,1277.331,1272.577,1273.434,7572
1558558800,1273.434,1287.347,1272.913,1283.63,13073
1558645200,1283.63,1285.28,1280.842,1284.612,9107
1558904400,1284.612,1287.451,1283.898,1285.208,3165
1558990800,1285.208,1286.646,1276.216,1279.295,10890
1559077200,1279.295,1285.564,1279.204,1280.201,13573
1559163600,1280.201,1289.274,1275.124,1288.194,11669
1559250000,1288.194,1306.898,1288.09,1305.276,15986
1559509200,1305.276,1327.998,1305.276,1324.762,17698
1559595600,1324.762,1329.112,1320.039,1325.306,17877
1559682000,1325.306,1344.136,1324.629,1330.292,26240
1559768400,1330.292,1339.798,1327.317,1335.482,20543
1559854800,1335.482,1348.212,1330.391,1340.437,20670
1560114000,1340.437,1340.437,1325.204,1328.012,15593
1560200400,1328.012,1329.913,1319.999,1326.845,12873
1560286800,1326.845,1338.423,1326.12,1333.489,17135
1560373200,1333.489,1343.174,1332.452,1341.971,14628
1560459600,1341.971,1358.222,1338.018,1341.932,25247
1560718800,1341.932,1343.6,1333.12,1339.625,17297
1560805200,1339.625,1354.622,1338.745,1346.749,28258
1560891600,1346.749,1362.612,1341.441,1360.24,31841
1560978000,1360.24,1394.279,1357.75,1388.29,50552
1561064400,1388.29,1411.993,1382.562,1399.427,54161
1561323600,1399.427,1421.503,1399.427,1419.664,36856
1561410000,1419.664,1439.318,1412.11,1423.486,71288
1561496400,1423.486,1424.48,1401.976,1408.951,52038
1561582800,1408.951,1412.119,1398.745,1410.003,32549
1561669200,1410.003,1424.699,1405.808,1409.407,33061
1561928400,1409.407,1409.407,1381.904,1384.204,40403
1562014800,1384.204,1421.184,1383.452,1418.17,33638
1562101200,1418.17,1437.8,1412.152,1418.673,54845
1562187600,1418.673,1421.744,1410.305,1415.324,17923
1562274000,1415.324,1424.28,1386.676,1399.43,46214
1562533200,1399.43,1407.675,1391.858,1395.284,27975
1562619600,1395.284,1400.09,1385.87,1397.545,24091
1562706000,1397.545,1418.955,1390.05,1418.904,35900
1562792400,1418.904,1427.203,1401.063,1403.593,34976
1562878800,1403.593,1416.952,1403.225,1415.611,24060
1563138000,1415.611,1419.783,1407.806,1413.981,21994
1563224400,1413.981,1418.38,1400.792,1405.834,27691
1563310800,1405.834,1426.897,1400.214,1426.118,22704
1563397200,1426.118,1448.033,1414.774,1446.04,41641
1563483600,1446.04,1453.005,1420.336,1425.58,48575
1563742800,1427.59,1429.99,1422.321,1424.785,23218
1563829200,1424.785,1430.188,1414.302,1417.466,26944
1563915600,1417.466,1429.546,1416.6,1425.506,20285
1564002000,1425.506,1433.826,1411.206,1414.472,31141
1564088400,1414.472,1424.915,1413.545,1418.638,18466
1564347600,1418.638,1428.088,1414.938,1427.056,14846
1564434000,1427.056,1433.28,1422.413,1430.874,17944
1564520400,1430.874,1434.549,1410.634,1412.764,46461
1564606800,1412.764,1446.075,1400.613,1444.918,54665
1564693200,1444.918,1448.998,1430.386,1440.959,62276
1564952400,1440.959,1469.804,1436.794,1463.88,61379
1565038800,1463.88,1474.9,1456.49,1474.078,48581
1565125200,1474.078,1510.452,1472.384,1501.306,79113
1565211600,1501.306,1509.617,1490.125,1501.318,56016
1565298000,1501.318,1509.158,1494.882,1496.717,44698
1565557200,1496.717,1520.001,1487.478,1511.189,40387
1565643600,1511.189,1535.094,1479.99,1501.334,82520
1565730000,1501.334,1524.114,1494.286,1516.924,76311
1565816400,1516.924,1527.086,1508.027,1523.006,83961
1565902800,1523.006,1528.038,1503.719,1513.791,43807
1566162000,1513.791,1513.791,1493.424,1495.947,36770
1566248400,1495.947,1508.617,1493.058,1507.26,26903
1566334800,1507.26,1508.116,1496.643,1502.564,26717
1566421200,1502.564,1504.7,1492.593,1497.946,26072
1566507600,1497.946,1530.204,1493.671,1527.378,51173
1566766800,1539.725,1555.182,1525.19,1527.431,75389
1566853200,1527.431,1544.719,1525.836,1542.614,35508
1566939600,1542.614,1546.932,1532.002,1539.697,39017
1567026000,1539.697,1550.402,1519.69,1527.472,52110
1567112400,1527.472,1533.21,1517.16,1520.531,41860
1567371600,1527.821,1535.079,1519.438,1529.188,23303
1567458000,1529.188,1549.81,1521.728,1547.574,42599
1567544400,1547.574,1557.074,1533.978,1552.385,41752
1567630800,1552.385,1553.045,1506.492,1518.894,58432
1567717200,1518.894,1527.836,1502.707,1506.92,70320
1567976400,1506.923,1515.466,1497.76,1498.976,40491
1568062800,1498.976,1500.906,1484.705,1485.439,43327
1568149200,1485.439,1498.296,1485.291,1496.81,29070
1568235600,1496.81,1524.25,1489.358,1499.031,57517
1568322000,1499.031,1509.042,1485.965,1488.747,40575
1568581200,1488.747,1512.07,1488.747,1498.555,47059
1568667600,1498.555,1507.086,1493.566,1501.384,31406
1568754000,1501.384,1511.661,1483.311,1494.022,44286
1568840400,1494.022,1504.556,1489.202,1498.727,30175
1568926800,1498.727,1517.06,1498.132,1516.975,25319
1569186000,1514.557,1526.798,1511.131,1522.14,33421
1569272400,1522.14,1535.668,1515.71,1532.298,41760
1569358800,1532.298,1535.102,1500.562,1503.634,44236
1569445200,1503.634,1512.382,1500.4,1504.544,36922
1569531600,1504.544,1507.482,1487.105,1497.199,49792
1569790800,1495.252,1500.498,1464.558,1472.512,45903
1569877200,1472.512,1487.256,1459.17,1478.934,51194
1569963600,1478.934,1505.186,1474.638,1499.86,48314
1570050000,1499.86,1519.651,1495.922,1504.88,59124
1570136400,1504.88,1515.82,1495.848,1504.738,47366
1570395600,1511.782,1512.482,1488.128,1493.207,31314
1570482000,1493.207,1509.746,1487.172,1505.452,50569
1570568400,1505.452,1512.474,1499.939,1505.624,34991
1570654800,1505.624,1517.108,1491.302,1493.534,53650
1570741200,1493.534,1503.248,1474.094,1488.966,54533
1571000400,1488.85,1497.149,1482.934,1493.275,23844
1571086800,1493.275,1498.486,1477.345,1481.132,29916
1571173200,1481.132,1491.629,1477.228,1489.954,34919
1571259600,1489.954,1497.288,1483.526,1492,31401
1571346000,1492,1494.156,1485.07,1490.44,21144
1571605200,1491.384,1495.258,1481.627,1484.492,23005
1571691600,1484.492,1489.054,1480.961,1487.76,19708
1571778000,1487.76,1496.272,1487.76,1492.069,17609
1571864400,1492.069,1503.99,1488.085,1503.459,22303
1571950800,1503.459,1517.974,1500.725,1504.52,25080
1572210000,1504.52,1508.284,1490.136,1492.682,21752
1572296400,1492.682,1494.853,1483.596,1487.765,21428
1572382800,1487.765,1496.723,1481.264,1495.612,28876
1572469200,1495.612,1514.146,1493.841,1512.578,27058
1572555600,1512.578,1516.171,1503.409,1514.325,26454
1572818400,1514.325,1514.879,1504.548,1509.559,18971
1572904800,1509.559,1509.712,1479.481,1483.449,29572
1572991200,1483.449,1494.254,1482.489,1490.408,21976
1573077600,1490.408,1492.157,1460.639,1468.578,37791
1573164000,1468.578,1472.906,1456.322,1459.262,34030
1573423200,1459.262,1466.484,1448.303,1455.951,18960
1573509600,1455.951,1460.445,1445.707,1456.284,30856
1573596000,1456.284,1467.083,1455.872,1463.334,26423
1573682400,1463.334,1474.604,1461.202,1471.326,23120
1573768800,1471.326,1471.438,1462.61,1468.162,17765
1574028000,1468.162,1473.912,1456.458,1471.193,21858
1574114400,1471.193,1475.395,1464.876,1472.433,21378
1574200800,1472.433,1478.739,1466.024,1471.626,28185
1574287200,1471.626,1475.676,1462.511,1464.545,29651
1574373600,1464.545,1473.248,1461.477,1462.617,21056
1574632800,1462.617,1462.617,1454.226,1455.193,14555
1574719200,1455.193,1462.874,1450.186,1461.302,16468
1574805600,1461.302,1461.964,1452.706,1454.47,14229
1574892000,1454.47,1458.319,1454.31,1456.059,6973
1574978400,1456.059,1466.461,1453.15,1463.989,13716
1575237600,1463.989,1465.456,1454.178,1462.719,21224
1575324000,1462.719,1481.814,1460.016,1477.194,26071
1575410400,1477.194,1484.085,1471.509,1474.758,26475
1575496800,1474.758,1480.336,1472.968,1475.911,19998
1575583200,1475.911,1479.85,1458.906,1460.413,20910
1575842400,1460.413,1465.411,1458.796,1461.51,10920
1575928800,1461.51,1469.222,1460.183,1464.402,15130
1576015200,1464.402,1478.966,1462.848,1474.618,17651
1576101600,1474.618,1486.783,1464.162,1469.874,31381
1576188000,1469.874,1478.082,1461.879,1476.328,36187
1576447200,1476.328,1479.926,1473.283,1476.195,12816
1576533600,1476.195,1480.561,1474.331,1476.186,10531
1576620000,1476.186,1479.362,1470.58,1475.47,12185
1576706400,1475.47,1481.762,1473.362,1478.907,10984
1576792800,1478.907,1481.053,1475.918,1478.088,8686
1577052000,1478.088,1486.217,1477.587,1485.525,9970
1577138400,1485.525,1500.555,1484.46,1499.402,11490
1577311200,1499.402,1512.65,1497.573,1511.092,16951
1577397600,1511.092,1515.32,1507.422,1511.131,15225
1577656800,1511.131,1516.184,1510.88,1515.07,12274
1577743200,1515.07,1525.376,1514.804,1517.111,16736
1577916000,1517.111,1531.414,1517.111,1529.108,18231
1578002400,1529.108,1553.537,1528.035,1552.394,37995
1578261600,1552.394,1589.739,1552.394,1565.916,49856
1578348000,1565.916,1577.392,1555.388,1574.282,37514
1578434400,1574.282,1611.498,1552.366,1556.43,103298
1578520800,1556.43,1561.38,1540.256,1552.426,40069
1578607200,1552.426,1563.182,1545.784,1562.212,26680
1578866400,1562.212,1562.212,1546.578,1548.03,22087
1578952800,1548.03,1548.934,1536.016,1546.423,28580
1579039200,1546.423,1558.21,1546.07,1556.248,22769
1579125600,1556.248,1558.136,1548.099,1552.474,17463
1579212000,1552.474,1561.298,1549.465,1557.304,17742
1579471200,1557.304,1562.802,1556.458,1560.897,6775
1579557600,1560.897,1568.696,1546.403,1558.168,30474
1579644000,1558.168,1559.293,1550.281,1558.965,17979
1579730400,1558.965,1567.974,1551.987,1562.813,30047
1579816800,1562.813,1575.929,1556.629,1571.724,32056
1580076000,1571.724,1588.632,1571.724,1581.937,45449
1580162400,1581.937,1583.102,1565.599,1567.322,30674
1580248800,1567.322,1578.036,1563.471,1576.896,29297
1580335200,1576.896,1586.026,1572.39,1574.296,45084
1580421600,1574.296,1590.55,1571.045,1589.975,43615
1580680800,1589.975,1592.168,1569.661,1576.731,45732
1580767200,1576.731,1579.673,1549.15,1552.917,35492
1580853600,1552.917,1562.431,1547.5535,1556.204,38631
1580940000,1556.204,1568.34,1552.556,1566.68,27519
1581026400,1566.68,1574.121,1560.463,1570.384,33845
1581285600,1570.384,1577.056,1568.096,1572.216,24964
1581372000,1572.216,1574.098,1562.206,1567.848,22268
1581458400,1567.848,1570.502,1561.984,1565.846,16772
1581544800,1565.846,1578.382,1565.674,1576.088,28113
1581631200,1576.088,1585.08,1573.164,1583.846,17474
1581890400,1583.846,1583.846,1578.935,1581.208,7091
1581976800,1581.208,1605.131,1581.208,1601.418,23820
1582063200,1601.418,1612.982,1599.606,1611.686,26291
1582149600,1611.686,1623.744,1603.976,1619.617,37972
1582236000,1619.617,1649.34,1619.034,1643.397,47217
1582495200,1643.397,1689.384,1643.397,1658.73,107327
1582581600,1658.73,1663.786,1625.263,1634.872,132141
1582668000,1634.872,1655.04,1625.017,1640.942,102464
1582754400,1640.942,1660.417,1635.429,1644.62,108497
1582840800,1644.62,1649.566,1563.038,1586.542,179750
1583100000,1586.542,1611.066,1575.579,1589.534,120772
1583186400,1589.534,1649.314,1586.708,1640.886,125446
1583272800,1640.886,1652.996,1631.958,1636.98,76585
1583359200,1636.98,1674.694,1635.096,1672.234,63685
1583445600,1672.234,1692.252,1642.351,1674.062,160135
1583701200,1674.062,1703.282,1657.624,1680.082,195052
1583787600,1680.082,1680.565,1641.718,1649.387,132104
1583874000,1649.387,1671.304,1633.2,1634.868,94150
1583960400,1634.868,1650.536,1560.84,1577.267,184943
1584046800,1577.267,1598.056,1504.782,1529.486,217444
1584306000,1529.486,1575.454,1451.432,1515.107,243530
1584392400,1515.107,1554.013,1465.81,1528.358,185144
1584478800,1528.358,1546.426,1472.77,1486.304,204658
1584565200,1486.304,1501.105,1464.304,1472.795,143452
1584651600,1472.795,1516.18,1455.32,1499.094,129097
1584910800,1499.094,1561.228,1482.79,1553.122,124588
1584997200,1553.122,1634.423,1552.933,1627.713,104987
1585083600,1627.713,1640.353,1596.376,1617.35,123254
1585170000,1617.35,1644.433,1597.638,1630.183,124577
1585256400,1630.183,1634.049,1614.898,1627.724,111188
1585515600,1627.724,1632.264,1611.862,1622.83,104178
1585602000,1622.83,1623.796,1574.805,1577.1,102412
1585688400,1577.1,1600.738,1572.827,1591.395,87477
1585774800,1591.395,1619.97,1583.224,1612.866,117134
1585861200,1612.866,1626.062,1606.82,1618.425,100045
1586120400,1618.425,1669.163,1609.26,1661.809,151285
1586206800,1661.809,1675.605,1642.9,1648.838,77853
1586293200,1648.838,1656.586,1641.474,1645.544,104159
1586379600,1645.544,1690.25,1643.836,1683.505,126972
1586725200,1683.505,1723.867,1675.045,1713.419,153731
1586811600,1713.419,1747.722,1709.449,1727.175,190349
1586898000,1727.175,1731.474,1708.284,1715.948,162428
1586984400,1715.948,1738.754,1708,1718.352,93754
1587070800,1718.352,1718.866,1679.804,1683.5,175968
1587330000,1683.5,1702.419,1671.218,1696.239,115193
1587416400,1696.239,1697.954,1661.416,1687.048,181789
1587502800,1687.048,1718.604,1680.478,1714.292,178497
1587589200,1714.292,1738.878,1707.418,1731.391,251662
1587675600,1731.391,1736.566,1710.857,1729.406,184363
1587934800,1729.406,1729.406,1706.545,1713.938,140644
1588021200,1713.938,1716.958,1692.285,1708.96,149401
1588107600,1708.96,1718.15,1697.185,1712.734,119656
1588194000,1712.734,1722.328,1681.554,1686.618,135628
1588280400,1686.618,1706.534,1670.909,1701.282,161342
1588539600,1701.282,1713.73,1692.087,1701.424,65212
1588626000,1701.424,1711.916,1689.819,1705.682,77559
1588712400,1705.682,1708.492,1682.632,1685.384,46695
1588798800,1685.384,1722.294,1683.841,1715.553,87845
1588885200,1715.553,1723.654,1701.374,1702.39,98541
1589144400,1702.39,1712.342,1692.126,1697.826,86205
1589230800,1697.826,1711.19,1693.948,1702.46,113313
1589317200,1702.46,1718.252,1699.259,1716.956,165394
1589403600,1716.956,1736.158,1711.268,1730.786,112705
1589490000,1730.786,1751.718,1728.846,1742.624,122146
1589749200,1742.624,1765.256,1727.41,1732.882,156510
1589835600,1732.882,1747.86,1726.624,1744.77,131270
1589922000,1744.77,1754.049,1742.206,1748.104,83807
1590008400,1748.104,1749.062,1717.568,1727.168,73426
1590094800,1727.168,1740.227,1724.508,1734.448,65954
1590354000,1734.448,1735.629,1721.21,1729.186,26019
1590440400,1729.186,1735.577,1708.91,1711.079,72118
1590526800,1711.079,1716.118,1694.006,1709.417,97269
1590613200,1709.417,1727.545,1705.767,1718.807,68774
1590699600,1718.807,1737.914,1712.622,1729.615,73530
1590958800,1729.615,1744.694,1727.46,1739.923,75208
1591045200,1739.923,1745.304,1721.698,1727.951,88040
1591131600,1727.951,1732.312,1689.589,1698.056,101668
1591218000,1698.056,1721.483,1697.342,1714.272,78238
1591304400,1714.272,1716.875,1670.438,1685.27,128662
1591563600,1685.27,1700.494,1677.506,1698.298,106104
1591650000,1698.298,1720.888,1692.368,1714.786,117262
1591736400,1714.786,1739.932,1708.34,1738.67,113502
1591822800,1738.67,1744.918,1721.294,1727.216,113761
1591909200,1727.216,1743.34,1722.501,1730.905,136550
1592168400,1730.905,1734.206,1704.484,1725.154,93973
1592254800,1725.154,1733.029,1716.973,1727.09,96807
1592341200,1727.09,1730.22,1712.78,1726.761,63600
1592427600,1726.761,1737.826,1717.695,1722.644,44710
1592514000,1722.644,1745.282,1721.646,1744.189,38502
1592773200,1744.189,1763.13,1742.68,1754.766,49522
1592859600,1754.766,1770.942,1747.566,1767.72,50332
1592946000,1767.72,1779.446,1760.82,1761.718,54281
1593032400,1761.718,1769,1754.25,1763.692,41095
1593118800,1763.692,1772.03,1747.572,1771.478,42860
1593378000,1771.478,1775.692,1765.944,1772.65,32188
1593464400,1772.65,1786.023,1764.646,1780.872,31474
1593550800,1780.872,1789.265,1759.284,1770.477,44515
1593637200,1770.477,1779.69,1757.665,1775.74,35026
1593723600,1775.74,1777.192,1772.776,1775.086,12571
1593982800,1775.086,1787.156,1770.1,1784.366,26503
1594069200,1784.366,1797.415,1773.788,1795.25,32537
1594155600,1795.25,1818.092,1791.529,1809.006,33419
1594242000,1809.006,1816.064,1795.734,1803.382,40038
1594328400,1803.382,1810.692,1794.246,1798.446,24302
1594587600,1798.446,1813.472,1798.115,1802.342,34336
1594674000,1802.342,1810.918,1790.766,1809.406,43905
1594760400,1809.406,1815.236,1802.473,1810.36,30682
1594846800,1810.36,1813.494,1795.118,1797.436,26520
1594933200,1797.436,1811.924,1795.99,1810.046,20078
1595192400,1810.046,1820.648,1805.878,1817.312,28696
1595278800,1817.312,1843.476,1815.852,1841.673,37033
1595365200,1841.673,1872.234,1841.032,1871.828,75073
1595451600,1871.828,1898.374,1863.849,1887.534,78679
1595538000,1887.534,1906.585,1881.586,1901.637,54514
1595797200,1901.637,1945.646,1900.01,1942.076,86023
1595883600,1942.076,1981.356,1907.066,1958.672,141981
1595970000,1958.672,1980.842,1941.526,1970.91,81900
1596056400,1970.91,1971.65,1939.339,1956.059,87326
1596142800,1956.059,1983.102,1955.344,1975.962,89727
1596402000,1975.962,1986.765,1960.54,1976.742,56967
1596488400,1976.742,2020.03,1966.855,2019.413,65982
1596574800,2019.413,2055.926,2009.676,2038.154,108132
1596661200,2038.154,2069.816,2034.652,2063.31,92898
1596747600,2063.31,2075.282,2015.531,2035.23,130891
1597006800,2035.23,2049.915,2019.3,2027.745,80336
1597093200,2027.745,2030.108,1901.616,1912.075,169976
1597179600,1912.075,1949.502,1862.899,1916.642,187634
1597266000,1916.642,1966.42,1913.058,1953.57,119872
1597352400,1953.57,1962.432,1932.32,1944.714,95748
1597611600,1944.714,1991.091,1929.648,1985.223,87136
1597698000,1985.223,2015.726,1976.038,2001.934,109838
1597784400,2001.934,2006.742,1924.778,1929.572,136927
1597870800,1929.572,1955.47,1924.864,1946.966,129805
1597957200,1946.966,1956.087,1911.586,1940.498,107006
1598216400,1940.498,1961.893,1923.931,1929.08,85057
1598302800,1929.08,1937.739,1914.389,1928.2,75297
1598389200,1928.2,1954.742,1902.726,1954.034,80435
1598475600,1954.034,1977.187,1910.19,1929.271,128065
1598562000,1929.271,1973.898,1923.188,1965.026,97119
1598821200,1965.026,1976.776,1954.416,1967.646,78047
1598907600,1967.646,1992.565,1963.354,1970.486,84372
1598994000,1970.486,1973.334,1932.681,1942.888,91768
1599080400,1942.888,1951.178,1921.905,1930.673,96499
1599166800,1930.673,1949.496,1916.696,1934.024,97600
1599426000,1934.024,1941.477,1924.636,1928.448,33374
1599512400,1928.448,1940.856,1906.628,1931.694,88080
1599598800,1931.694,1950.852,1920.169,1946.534,57249
1599685200,1946.534,1966.57,1941.478,1946.27,71452
1599771600,1946.27,1954.773,1937.242,1940.456,54543
1600030800,1940.456,1962.535,1937.25,1956.442,40473
1600117200,1956.442,1972.221,1948.468,1954.198,46398
1600203600,1954.198,1973.782,1949.914,1959.59,64104
1600290000,1959.59,1960.987,1932.886,1944.276,67548
1600376400,1944.276,1960.134,1944.147,1950.506,42808
1600635600,1950.506,1955.624,1882.428,1912.674,99324
1600722000,1912.674,1920.057,1894.7,1900.038,93987
1600808400,1900.038,1905.438,1855.851,1863.45,115073
1600894800,1863.45,1877.119,1848.842,1867.818,117358
1600981200,1867.818,1875.22,1852.619,1861.62,78215
1601240400,1861.62,1883.101,1848.801,1881.414,69930
1601326800,1881.414,1899.083,1875.684,1897.205,56840
1601413200,1897.205,1902.349,1881.524,1885.5,73757
1601499600,1885.5,1912.662,1884.72,1906.12,73585
1601586000,1906.12,1917.165,1889.866,1899.168,74993
1601845200,1899.168,1918.694,1887.132,1913.445,47095
1601931600,1913.445,1921.277,1874.808,1878.177,65886
1602018000,1878.177,1898.066,1872.898,1887.592,57560
1602104400,1887.592,1900.687,1882,1893.608,43660
1602190800,1893.608,1930.57,1893.602,1930.521,43790
1602450000,1930.521,1933.292,1918.643,1922.702,47331
1602536400,1922.702,1925.508,1886.578,1891.204,64236
1602622800,1891.204,1912.962,1882.434,1901.679,46226
1602709200,1901.679,1908.999,1889.644,1908.256,65572
1602795600,1908.256,1914.046,1897.878,1899.33,38183
1603054800,1899.33,1918.54,1897.166,1904.4,39284
1603141200,1904.4,1914.125,1894.605,1907.169,42193
1603227600,1907.169,1931.401,1907.169,1924.456,43930
1603314000,1924.456,1925.94,1894.775,1904.014,43312
1603400400,1904.014,1914.359,1894.483,1902.04,34605
1603659600,1902.04,1908.594,1891.508,1902.272,44045
1603746000,1902.272,1911.354,1897.914,1907.78,28852
1603832400,1907.78,1910.826,1869.46,1877.246,57601
1603918800,1877.246,1885.054,1860.08,1867.959,60575
1604005200,1867.959,1889.756,1864.396,1878.952,56821
1604268000,1878.952,1896.084,1873.504,1895.774,41388
1604354400,1895.774,1910.633,1887.096,1909.81,39630
1604440800,1909.81,1916.484,1882.212,1903.015,125267
1604527200,1903.015,1952.786,1902.332,1949.632,68918
1604613600,1949.632,1960.386,1935.722,1951.193,73663
1604872800,1951.193,1965.572,1850.53,1861.914,135189
1604959200,1861.914,1890.513,1860.146,1877.281,74820
1605045600,1877.281,1884.473,1856.448,1865.42,52714
1605132000,1865.42,1883.878,1862.787,1876.974,46208
1605218400,1876.974,1896.882,1874.198,1889.565,35941
1605477600,1889.565,1899.112,1864.541,1888.839,56153
1605564000,1888.839,1893.536,1876.988,1880.388,38883
1605650400,1880.388,1884.856,1863.772,1872.464,42880
1605736800,1872.464,1874.116,1852.792,1866.12,46815
1605823200,1866.12,1879.818,1860.967,1870.987,37399
1606082400,1870.987,1876.139,1831.073,1837.828,52128
1606168800,1837.828,1839.038,1800.424,1807.459,67568
1606255200,1807.459,1817.771,1801.806,1807.846,40606
1606341600,1807.846,1818.336,1805.857,1810.474,23945
1606428000,1810.474,1813.868,1774.41,1786.92,43734
1606687200,1786.92,1789.937,1764.57,1776.881,58866
1606773600,1776.881,1817.362,1775.897,1815.137,45782
1606860000,1815.137,1832.518,1807.543,1830.705,42996
1606946400,1830.705,1843.984,1823.772,1840.936,46938
1607032800,1840.936,1848.202,1829.276,1838.79,46133
1607292000,1838.79,1868.576,1822.253,1862.424,47678
1607378400,1862.424,1875.306,1856.95,1870.434,40650
1607464800,1870.434,1870.62,1825.579,1840.086,60583
1607551200,1840.086,1850.015,1828.77,1836.693,52397
1607637600,1836.693,1847.751,1824.184,1839.303,44164
1607896800,1839.303,1839.624,1819.418,1827.059,44731
1607983200,1827.059,1855.442,1825.568,1853.45,41659
1608069600,1853.45,1865.65,1844.844,1864.552,59833
1608156000,1864.552,1896.318,1862.129,1885.546,51208
1608242400,1885.546,1889.722,1877.494,1881.479,43226
1608501600,1881.479,1906.809,1855.148,1876.848,98895
1608588000,1876.848,1884.336,1859.032,1860.254,55239
1608674400,1860.254,1878.611,1857.132,1873.37,46778
1608760800,1873.37,1883.725,1869.582,1879.555,28388
1609106400,1879.555,1900.296,1869.309,1873.694,58439
1609192800,1873.694,1886.44,1871.868,1878.349,42724
1609279200,1878.349,1894.581,1876.199,1894.508,32040
1609365600,1894.508,1901.026,1885.528,1898.391,37540
1609711200,1898.391,1944.518,1898.391,1942.887,63961
1609797600,1942.887,1953.093,1934.443,1950.076,54638
1609884000,1950.076,1959.406,1900.9,1919.062,101257
1609970400,1919.062,1927.725,1906.982,1913.589,65904
1610056800,1913.589,1917.545,1828.276,1849.215,118781
1610316000,1849.215,1856.825,1817.16,1843.61,98790
1610402400,1843.61,1863.87,1836.767,1854.738,66885
1610488800,1854.738,1863.108,1842.094,1845.272,51493
1610575200,1845.272,1857.593,1829.486,1846.258,66884
1610661600,1846.258,1856.992,1823.462,1828.586,65628
1610920800,1828.586,1840.85,1802.955,1837.785,46426
1611007200,1837.785,1845.67,1833.145,1840.025,49685
1611093600,1840.025,1871.8,1832.57,1871.65,57237
1611180000,1871.65,1875.17,1858.28,1869.92,53972
1611266400,1869.92,1870.84,1837.46,1855.8,62970
1611525600,1855.8,1867.95,1847.27,1855.99,57517
1611612000,1855.99,1861.795,1848.44,1850.78,46477
1611698400,1850.78,1853.22,1831.426,1844.44,73175
1611784800,1844.44,1864.22,1834.13,1842.66,94088
1611871200,1842.66,1875.736,1839.646,1847.74,106918
1612130400,1847.74,1871.89,1847.74,1860.77,127064
1612216800,1860.77,1864.11,1829.605,1838.03,95565
1612303200,1838.03,1844.95,1829.8,1834.07,57533
1612389600,1834.07,1834.82,1785.02,1793.995,86653
1612476000,1793.995,1815.2,1792.13,1814.2,65713
1612735200,1814.2,1839.23,1807.865,1830.765,54930
1612821600,1830.765,1848.63,1828.93,1838.77,55744
1612908000,1838.77,1855.455,1834.175,1843.385,59347
1612994400,1843.385,1847.574,1821.18,1825.64,49614
1613080800,1825.64,1830.816,1810.605,1824.4,50213
1613340000,1824.4,1827.1,1816.065,1818.776,24588
1613426400,1818.776,1826.5,1789.576,1794.436,82041
1613512800,1794.436,1795.158,1769.526,1776.305,83795
1613599200,1776.305,1789.69,1768.47,1775.865,72463
1613685600,1775.865,1791.696,1760.754,1784.185,81885
1613944800,1784.185,1812.722,1780.78,1809.9,79193
1614031200,1809.9,1816.1,1795.704,1805.88,81239
1614117600,1805.88,1813.966,1783.65,1805.045,84820
1614204000,1805.045,1805.53,1765.546,1770.55,141770
1614290400,1770.55,1775.904,1717.27,1734.375,153253
1614549600,1734.375,1759.95,1719.78,1724.94,87880
1614636000,1724.94,1739.19,1707.336,1738.348,99689
1614722400,1738.348,1741.02,1701.964,1710.915,80651
1614808800,1710.915,1723.27,1690.525,1697.635,115520
1614895200,1697.635,1707.84,1687.29,1703.12,90872
1615154400,1703.12,1714.45,1676.866,1683.494,63396
1615240800,1683.494,1720.682,1680.25,1715.895,72499
1615327200,1715.895,1726.845,1708.284,1726.745,64710
1615413600,1726.745,1739.89,1719.325,1722.625,58832
1615500000,1722.625,1729.386,1699.224,1726.965,70543
1615755600,1726.965,1734.583,1721.718,1731.756,52935
1615842000,1731.756,1741.196,1726.205,1731.69,48361
1615928400,1731.69,1751.7,1724.066,1745.355,62891
1616014800,1745.355,1755.565,1719.25,1736.434,81141
1616101200,1736.434,1746.77,1728.54,1745.054,64579
1616360400,1745.054,1747.046,1727.345,1738.92,51497
1616446800,1738.92,1742.602,1724.755,1727.006,52516
1616533200,1727.006,1738.615,1723.894,1734.24,43193
1616619600,1734.24,1745.532,1721.844,1726.655,58805
1616706000,1726.655,1736.76,1721.695,1732.77,44533
1616965200,1732.77,1733.371,1705.795,1711.976,46306
1617051600,1711.976,1714.446,1678.778,1684.81,65458
1617138000,1684.81,1715.284,1677.954,1707.475,61734
1617224400,1707.475,1730.64,1705.867,1729.88,52929
1617570000,1729.88,1733.65,1721.366,1728.3,43118
1617656400,1728.3,1745.445,1727.305,1743.52,45726
1617742800,1743.52,1744.46,1730.73,1737.765,44499
1617829200,1737.765,1758.724,1733.26,1755.61,46363
1617915600,1755.61,1757.435,1731.275,1743.775,51687
1618174800,1743.775,1745.078,1727.5,1732.91,46146
1618261200,1732.91,1749,1723.792,1745.45,54392
1618347600,1745.45,1749.56,1732.655,1736.45,46614
1618434000,1736.45,1769.662,1734.49,1763.8,50384
1618520400,1763.8,1783.898,1759.915,1776.68,50014
1618779600,1776.68,1790.104,1766.826,1771.546,55947
1618866000,1771.546,1780.512,1763.72,1778.82,49129
1618952400,1778.82,1797.724,1776.315,1793.69,44414
1619038800,1793.69,1797.934,1777.473,1784.22,49256
1619125200,1784.22,1796.046,1770.125,1777.35,46663
1619384400,1777.35,1783.56,1768.85,1781.376,41651
1619470800,1781.376,1785.656,1773.823,1776.66,39760
1619557200,1776.66,1782.575,1762.763,1781.69,54666
1619643600,1781.69,1790.03,1756.132,1772,54648
1619730000,1772,1773.745,1764.31,1771.945,48482
1619989200,1771.945,1798.07,1766.29,1793.725,44144
1620075600,1793.725,1799.16,1770.96,1778.85,63203
1620162000,1778.85,1788.03,1770.444,1786.935,51855
1620248400,1786.935,1818.13,1782.048,1815.08,67240
1620334800,1815.08,1843.4,1812.91,1831.355,108227
1620594000,1831.355,1845.54,1830.068,1835.69,97770
1620680400,1835.69,1841.845,1818.022,1837.485,91407
1620766800,1837.485,1843.716,1813.41,1815.55,75255
1620853200,1815.55,1828.835,1808.866,1826.525,58234
1620939600,1826.525,1846.296,1819.845,1843.165,46020
1621198800,1843.165,1868.525,1842.02,1866.955,42685
1621285200,1866.955,1875.04,1863.285,1869.5,42633
1621371600,1869.5,1890.145,1852.23,1869.515,83611
1621458000,1869.515,1883.985,1863.955,1877.04,49061
1621544400,1877.04,1889.42,1870.19,1881.245,47442
1621803600,1881.245,1887.07,1875.2,1880.68,38364
1621890000,1880.68,1900.3,1872.755,1899.17,50957
1621976400,1899.17,1912.785,1890.74,1896.68,50768
1622062800,1896.68,1903.706,1888.315,1896.672,48615
1622149200,1896.672,1906.12,1882.25,1903.456,48243
1622408400,1903.456,1910.655,1902.19,1906.676,20511
1622494800,1906.676,1916.615,1892.445,1900.24,44722
1622581200,1900.24,1909.14,1894.455,1908.35,35944
1622667600,1908.35,1909.69,1865.36,1870.545,63833
1622754000,1870.545,1896.24,1856.04,1891.395,55936
1623013200,1891.395,1900.196,1881.606,1899.14,36588
1623099600,1899.14,1903.93,1883.785,1892.94,43086
1623186000,1892.94,1899.076,1887.435,1888.685,36216
1623272400,1888.685,1899.99,1869.945,1898.445,55458
1623358800,1898.445,1903.12,1874.54,1877.82,48133
1623618000,1877.82,1878.08,1844.63,1866.14,54411
1623704400,1866.14,1869.205,1851.665,1858.82,44111
1623790800,1858.82,1863.32,1803.636,1812.055,70418
1623877200,1812.055,1825.326,1767.295,1773.37,104751
1623963600,1773.37,1797.316,1761.04,1764.235,84687
1624222800,1764.235,1786.625,1764.235,1782.995,65230
1624309200,1782.995,1790.2,1772.39,1778.865,51060
1624395600,1778.865,1794.985,1773.33,1779.05,46336
1624482000,1779.05,1788.04,1772.875,1774.98,39277
1624568400,1774.98,1790.446,1773.795,1781.646,38444
1624827600,1781.646,1785.83,1770.78,1778.26,38333
1624914000,1778.26,1779.034,1750.74,1761.086,50769
1625000400,1761.086,1774.45,1753.44,1770.45,43203
1625086800,1770.45,1782.89,1765.74,1776.655,43395
1625173200,1776.655,1795.1,1774.356,1787.45,53927
1625432400,1787.45,1794.745,1784.52,1791.97,19257
1625518800,1791.97,1815.046,1790.15,1797.21,55843
1625605200,1797.21,1809.89,1793.995,1803.716,47696
1625691600,1803.716,1818.54,1794.215,1802.495,60545
1625778000,1802.495,1812.445,1796.74,1808.465,38768
1626037200,1808.465,1810.956,1791.645,1806.145,37374
1626123600,1806.145,1817.26,1798.67,1807.686,48685
1626210000,1807.686,1829.88,1804.586,1827.385,43258
1626296400,1827.385,1834.195,1820.375,1829.53,36617
1626382800,1829.53,1832.066,1809.03,1812.255,45372
1626642000,1812.255,1817.42,1795.12,1812.845,49952
1626728400,1812.845,1825.006,1805.13,1810.345,45189
1626814800,1810.345,1813.795,1794.666,1803.505,41983
1626901200,1803.505,1808.116,1792.835,1806.66,39534
1626987600,1806.66,1810.37,1789.69,1801.975,35913
1627246800,1801.975,1811.605,1796.445,1797.575,37417
1627333200,1797.575,1805.29,1793.695,1798.995,38613
1627419600,1798.995,1809.86,1792.795,1806.895,49317
1627506000,1806.895,1832.73,1806.895,1827.975,41190
1627592400,1827.975,1831.41,1810.325,1814.18,34039
1627851600,1814.18,1819.56,1805.875,1813.494,39741
1627938000,1813.494,1815.065,1807.175,1810.45,29274
1628024400,1810.45,1831.77,1806.456,1811.86,45641
1628110800,1811.86,1814.925,1797.9,1804.156,37061
1628197200,1804.156,1804.965,1758.8,1763.085,60017
1628456400,1763.085,1764.675,1677.686,1729.675,114997
1628542800,1729.675,1738.33,1717.785,1729.125,50907
1628629200,1729.125,1754.534,1724.2,1751.55,59355
1628715600,1751.55,1758.2,1741.655,1752.61,46953
1628802000,1752.61,1780.095,1751.745,1779.9,36758
1629061200,1779.9,1789.3,1770.876,1787.2,44107
1629147600,1787.2,1795.6,1780.67,1786.07,53037
1629234000,1786.07,1793.833,1777.43,1787.326,56962
1629320400,1787.326,1792.548,1774.215,1779.936,61607
1629406800,1779.936,1788.495,1778.42,1781.24,46080
1629666000,1781.24,1806.445,1776.559,1805.445,49296
1629752400,1805.445,1809.61,1800.765,1803.075,40050
1629838800,1803.075,1803.125,1782.534,1790.57,51083
1629925200,1790.57,1798.275,1780.138,1791.99,52543
1630011600,1791.99,1819.22,1784.96,1817.425,63681
1630270800,1817.425,1823.275,1807.785,1810.36,34936
1630357200,1810.36,1819.245,1801.72,1813.795,47684
1630443600,1813.795,1820.075,1808.735,1814.145,44047
1630530000,1814.145,1817.185,1804.9,1809.565,30267
1630616400,1809.565,1834.04,1809.05,1827.8,53334
1630875600,1827.8,1830.305,1821.506,1823.34,16515
1630962000,1823.34,1827.325,1792.46,1794.32,46302
1631048400,1794.32,1802.18,1782.47,1789.245,46648
1631134800,1789.245,1801.06,1783.905,1794.42,47393
1631221200,1794.42,1803.92,1787.33,1787.55,42398
1631480400,1787.55,1798.47,1783.8,1793.475,34413
1631566800,1793.475,1808.66,1780.6,1804.63,53869
1631653200,1804.63,1806.99,1790.705,1793.705,45917
1631739600,1793.705,1796.25,1745.355,1753.5,73489
1631826000,1753.5,1767.555,1747.396,1754.95,50971
1632085200,1754.95,1767.206,1742.08,1764.244,47087
1632171600,1764.244,1781.835,1758,1774.365,39462
1632258000,1774.365,1787.32,1764.765,1768.13,73426
1632344400,1768.13,1776.635,1737.84,1742.31,70037
1632430800,1742.31,1757.65,1740.515,1750.465,43041
1632690000,1750.465,1760.91,1744.885,1750.255,46440
1632776400,1750.255,1754.545,1728.19,1734.075,67847
1632862800,1734.075,1745.53,1721.71,1726.605,52779
1632949200,1726.605,1764.24,1722.29,1757.04,56714
1633035600,1757.04,1764.35,1749.71,1760.92,57652
1633294800,1760.92,1770.58,1747.785,1769.47,51465
1633381200,1769.47,1770.15,1748.68,1759.956,46683
1633467600,1759.956,1765.06,1745.99,1762.825,56039
1633554000,1762.825,1766.985,1752.03,1755.18,41451
1633640400,1755.18,1781.405,1753.45,1757.17,60204
1633899600,1757.17,1761.095,1750.245,1754.306,31488
1633986000,1754.306,1769.42,1750.805,1760.125,46946
1634072400,1760.125,1796.24,1757.89,1793.05,60380
1634158800,1793.05,1800.645,1786.77,1795.975,37882
1634245200,1795.975,1796.494,1764.86,1767.475,48304
1634504400,1767.475,1772.105,1760.375,1764.87,54726
1634590800,1764.87,1785.16,1762.955,1769.55,45535
1634677200,1769.55,1788.47,1766.94,1781.93,43624
1634763600,1781.93,1789.465,1776.555,1782.974,46754
1634850000,1782.974,1813.845,1782.88,1792.525,59565
1635109200,1792.525,1810.075,1792.286,1807.77,42895
1635195600,1807.77,1808.366,1782.465,1792.815,40667
1635282000,1792.815,1799.06,1783.575,1796.965,47279
1635368400,1796.965,1810.506,1792.425,1798.815,62585
1635454800,1798.815,1801.265,1771.98,1783.35,66247
1635714000,1783.35,1795.84,1779.17,1793.235,37863
1635800400,1793.235,1796.436,1786.45,1788,40325
1635886800,1788,1788.285,1758.89,1769.69,65614
1635973200,1769.69,1798.95,1769.645,1791.78,49706
1636059600,1791.78,1818.36,1785.06,1818.17,60851
1636322400,1818.17,1826.515,1812.495,1824.22,41143
1636408800,1824.22,1832.76,1819.19,1831.91,45955
1636495200,1831.91,1868.626,1822.4,1849.27,70731
1636581600,1849.27,1866.025,1842.95,1861.95,42780
1636668000,1861.95,1868.76,1845.3,1864.9,51914
1636927200,1864.9,1870.576,1856.375,1862.744,42532
1637013600,1862.744,1877.14,1849.77,1850.73,61029
1637100000,1850.73,1868.126,1849.675,1867.41,42701
1637186400,1867.41,1870.945,1855.205,1858.845,48891
1637272800,1858.845,1865.836,1843.09,1845.885,66200
1637532000,1845.885,1849.165,1802.31,1804.8,74035
1637618400,1804.8,1812.43,1782.04,1789.076,73796
1637704800,1789.076,1796.456,1778.615,1788.575,60536
1637791200,1788.575,1795.146,1786.12,1788.54,17799
1637877600,1788.54,1815.57,1780.41,1793.035,70850
1638136800,1793.035,1799.495,1769.8,1784.84,63512
1638223200,1784.84,1808.86,1769.975,1774.68,101246
1638309600,1774.68,1794.7,1772.304,1781.96,77121
1638396000,1781.96,1783.455,1761.94,1768.245,60683
1638482400,1768.245,1786.125,1766.21,1783.795,68066
1638741600,1783.795,1787.784,1775.765,1778.59,36714
1638828000,1778.59,1787.875,1772.25,1784.06,34880
1638914400,1784.06,1793.155,1779.715,1782.765,38865
1639000800,1782.765,1787.67,1773.31,1775.31,36618
1639087200,1775.31,1789.534,1770.215,1782.87,39262
1639346400,1782.87,1791.656,1781.89,1786.705,27144
1639432800,1786.705,1789.545,1766.585,1770.526,36281
1639519200,1770.526,1780.935,1753.07,1777.22,55597
1639605600,1777.22,1799.686,1775.6,1799.226,40863
1639692000,1799.226,1814.305,1795.835,1798.16,34914
1639951200,1798.16,1804.175,1788.385,1790.62,30905
1640037600,1790.62,1800.51,1784.905,1788.955,30969
1640124000,1788.955,1805.05,1785.95,1803.59,23212
1640210400,1803.59,1810.744,1798.91,1808.47,22058
1640556000,1808.47,1813.515,1803.015,1812.075,20010
1640642400,1812.075,1820.305,1805.095,1806.06,22480
1640728800,1806.06,1807.756,1789.494,1804.12,28310
1640815200,1804.12,1817.196,1796.28,1814.76,24236
1640901600,1814.76,1830.385,1814.525,1828.775,26152
1641160800,1828.775,1831.835,1798.38,1801.19,36976
1641247200,1801.19,1816.81,1798.51,1814.5,36019
1641333600,1814.5,1829.63,1808.33,1810.31,38414
1641420000,1810.31,1811.58,1786.42,1790.85,49457
1641506400,1790.85,1798.705,1782.675,1796.58,44346
1641765600,1796.58,1802.37,1790.436,1801.78,34543
1641852000,1801.78,1823.35,1800.195,1821.63,33631
1641938400,1821.63,1828.095,1814.78,1826.255,33668
1642024800,1826.255,1828.18,1812.425,1822.86,30167
1642111200,1822.86,1829.21,1814.75,1817.93,37062
1642370400,1817.93,1823.21,1813.205,1819.33,13765
1642456800,1819.33,1822.796,1805.84,1813.82,45914
1642543200,1813.82,1843.375,1810.345,1840.635,36697
1642629600,1840.635,1847.946,1836,1839.475,36057
1642716000,1839.475,1843.245,1828.55,1834.65,40613
1642975200,1834.65,1844.376,1829.765,1843.086,45015
1643061600,1843.086,1853.885,1834.955,1848.02,39850
1643148000,1848.02,1850.115,1814.98,1819.38,57778
1643234400,1819.38,1822.18,1791.86,1796.985,56904
1643320800,1796.985,1799.44,1780.33,1791.655,50841
1643580000,1791.655,1799.88,1785.61,1797.166,36704
1643666400,1797.166,1808.79,1795.815,1801.005,40579
1643752800,1801.005,1811.026,1794.534,1806.85,33066
1643839200,1806.85,1809.03,1788.685,1804.9,48972
1643925600,1804.9,1814.95,1792.23,1807.97,50914
1644184800,1807.97,1823.59,1807.934,1820.395,33461
1644271200,1820.395,1828.805,1815.495,1826.11,25213
1644357600,1826.11,1835.845,1824.76,1833.195,24373
1644444000,1833.195,1841.965,1821.67,1826.725,58489
1644530400,1826.725,1865.465,1820.99,1858.98,71512
1644789600,1858.98,1874.19,1850.845,1871.66,349258
1644876000,1871.66,1879.55,1844.61,1853.655,340069
1644962400,1853.655,1872.6,1850.32,1869.49,202603
1645048800,1869.49,1901.16,1867.89,1898.205,461084
1645135200,1898.205,1902.545,1886.664,1897.295,268981
1645394400,1897.295,1908.325,1887.665,1904.035,233631
1645480800,1904.035,1914.32,1891.47,1898.405,451088
1645567200,1898.405,1910.5,1889.68,1909.075,187190
1645653600,1909.075,1974.485,1878.095,1904.015,1121977
1645740000,1904.015,1921.91,1882.995,1889.324,729861
1645999200,1889.324,1927.48,1889.324,1909.525,752341
1646085600,1909.525,1950.306,1901.47,1945.675,564070
1646172000,1945.675,1948.01,1913.75,1928.555,811982
1646258400,1928.555,1941.295,1922.11,1936.47,563967
1646344800,1936.47,1970.95,1929.715,1970.84,795158
1646604000,1970.84,2002.67,1961.075,1997.585,1363152
1646690400,1997.585,2070.63,1981.105,2050.05,1964988
1646776800,2050.05,2059.245,1976.16,1992.505,1387238
1646863200,1992.505,2009.225,1970.525,1996.255,1121466
1646949600,1996.255,1999.026,1958.68,1988.52,795274
1647205200,1988.52,1988.52,1949.744,1950.505,633804
1647291600,1950.505,1954.725,1907.086,1917.7,673770
1647378000,1917.7,1929.615,1895.065,1927.385,684951
1647464400,1927.385,1949.865,1923.39,1942.385,533866
1647550800,1942.385,1945.41,1918.01,1920.575,483917
1647810000,1920.575,1941.53,1918.026,1935.76,414236
1647896400,1935.76,1938.485,1910.73,1921.04,398972
1647982800,1921.04,1948.39,1915.64,1944.625,334068
1648069200,1944.625,1966.206,1937.505,1957.88,477015
1648155600,1957.88,1964.38,1943.195,1958.02,429097
1648414800,1958.02,1958.47,1917.13,1922.8,604841
1648501200,1922.8,1929.455,1890.155,1919.505,654088
1648587600,1919.505,1938.62,1916.01,1932.58,506347
1648674000,1932.58,1949.86,1919.27,1937.1,544834
1648760400,1937.1,1939.62,1918.1,1925,518202
1649019600,1925,1936.94,1915.57,1932.57,419187
1649106000,1932.57,1944.636,1917.955,1923.215,486174
1649192400,1923.215,1933.58,1915.08,1925.88,589475
1649278800,1925.88,1937.85,1920.625,1931.676,456541
1649365200,1931.676,1948.22,1927.775,1947.68,418384
1649624400,1947.68,1970.026,1940.035,1954.275,564221
1649710800,1954.275,1978.685,1949.755,1966.585,502077
1649797200,1966.585,1981.566,1962.955,1977.835,378469
1649883600,1977.835,1980.435,1960.6,1973.395,389689
1650229200,1973.395,1998.46,1972.086,1978.69,444584
1650315600,1978.69,1982.036,1943.66,1949.775,506889
1650402000,1949.775,1958.405,1939.404,1957.546,501208
1650488400,1957.546,1957.546,1936.824,1951.625,497522
1650574800,1951.625,1955.71,1926.636,1932.35,592528
1650834000,1932.35,1934.545,1891.56,1898.045,682858
1650920400,1898.045,1911.305,1895.79,1905.45,525801
1651006800,1905.45,1907.086,1881.395,1885.76,527301
1651093200,1885.76,1896.795,1872.215,1894.456,481872
1651179600,1894.456,1919.98,1892.595,1896.99,473791
1651438800,1896.99,1900.13,1854.48,1862.956,451116
1651525200,1862.956,1878.145,1850.47,1867.95,362298
1651611600,1867.95,1890.01,1861.48,1881.47,444754
1651698000,1881.47,1909.82,1872.545,1877.166,540814
1651784400,1877.166,1892.576,1866.145,1883.645,456885
1652043600,1883.645,1885.85,1851.78,1854.02,485854
1652130000,1854.02,1865.526,1835.53,1838.43,448041
1652216400,1838.43,1858.3,1832.075,1852.255,519812
1652302800,1852.255,1858.875,1821.395,1821.89,546452
1652389200,1821.89,1828.89,1799.16,1811.465,427074
1652648400,1811.465,1826.985,1786.785,1824.59,490369
1652734800,1824.59,1836.155,1812.91,1814.965,382301
1652821200,1814.965,1824.836,1807.315,1816.445,336983
1652907600,1816.445,1849.15,1810.905,1842.2,384523
1652994000,1842.2,1849.49,1832.405,1846.615,290138
1653253200,1846.615,1865.53,1843.54,1853.665,317377
1653339600,1853.665,1869.75,1849.37,1866.52,232483
1653426000,1866.52,1868.11,1841.605,1853.235,275388
1653512400,1853.235,1854.43,1840.756,1850.83,309994
1653598800,1850.83,1862.05,1848.055,1853.22,295218
1653858000,1853.22,1864.085,1847.84,1855.8,138793
1653944400,1855.8,1857.186,1835.2,1837.47,282487
1654030800,1837.47,1849.976,1828.54,1846.655,318499
1654117200,1846.655,1870.48,1844.15,1868.655,247484
1654203600,1868.655,1874.17,1847.375,1851.056,225588
1654462800,1851.056,1857.9,1840.665,1842.115,203298
1654549200,1842.115,1855.635,1837.065,1852.375,243976
1654635600,1852.375,1859.685,1844.59,1853.32,166273
1654722000,1853.32,1855.41,1840.1,1847.94,239684
1654808400,1847.94,1876.005,1825.14,1871.61,440405
1655067600,1871.61,1879.13,1819.105,1819.526,614995
1655154000,1819.526,1831.7,1805.205,1808.555,524034
1655240400,1808.555,1841.965,1807.605,1833.97,172846
1655326800,1833.97,1857.635,1815.66,1856.825,165276
1655413200,1856.825,1856.825,1833.905,1840.4,130668
1655672400,1840.4,1846.165,1834.86,1838.395,66273
1655758800,1838.395,1843.665,1828.635,1833.06,92300
1655845200,1833.06,1847.93,1823.455,1837.78,105353
1655931600,1837.78,1846.125,1822.605,1822.68,126193
1656018000,1822.68,1831.87,1816.98,1827.31,123769
1656277200,1827.31,1841.105,1820.85,1822.735,103953
1656363600,1822.735,1829.5,1818.485,1820.07,81846
1656450000,1820.07,1833.11,1812.095,1817.81,100593
1656536400,1817.81,1825.21,1802.775,1807.33,108081
1656622800,1807.33,1809.495,1784.575,1809.47,119053
1656882000,1809.47,1814.375,1804.02,1808.04,55467
1656968400,1808.04,1812.19,1763.925,1764.93,117208
1657054800,1764.93,1772.9,1732.34,1739.41,134547
1657141200,1739.41,1749.13,1736.58,1740.335,95705
1657227600,1740.335,1752.47,1729.985,1742.355,103543
1657486800,1742.355,1744.62,1731.325,1733.985,79685
1657573200,1733.985,1744.336,1723.27,1726.235,100499
1657659600,1726.235,1745.425,1707.16,1735.66,139818
1657746000,1735.66,1736.605,1697.64,1710.03,148089
1657832400,1710.03,1716.675,1699.12,1707.46,114463
1658091600,1707.46,1723.99,1706.095,1709.28,91273
1658178000,1709.28,1718.48,1705.445,1711.575,83423
1658264400,1711.575,1714.535,1692.475,1696.835,79234
1658350800,1696.835,1720.25,1680.935,1719.16,104791
1658437200,1719.16,1739.355,1712.96,1727.66,95148
1658696400,1727.66,1736.3,1714.8,1719.875,81598
1658782800,1719.875,1728.225,1713.705,1717.465,75610
1658869200,1717.465,1740.34,1711.56,1734.625,92012
1658955600,1734.625,1757.065,1734.185,1756.11,130871
1659042000,1756.11,1767.99,1752.415,1766.26,110236
1659301200,1766.26,1775.38,1758.405,1772.12,98885
1659387600,1772.12,1788.12,1760.515,1760.91,116469
1659474000,1760.91,1772.835,1754.35,1765.37,88720
1659560400,1765.37,1794.96,1763.335,1790.966,78513
1659646800,1790.966,1794.945,1765.05,1775.8,97224
1659906000,1775.8,1790.045,1771.22,1789.24,75301
1659992400,1789.24,1800.47,1783.31,1794.4,70681
1660078800,1794.4,1807.96,1787.606,1792.285,98223
1660165200,1792.285,1799.42,1783.59,1789.505,89468
1660251600,1789.505,1802.18,1784.965,1802.025,78677
1660510800,1802.025,1802.375,1773.055,1779.56,82034
1660597200,1779.56,1783.195,1771.52,1775.825,69076
1660683600,1775.825,1782.4,1759.86,1762.24,92091
1660770000,1762.24,1772.465,1755.49,1758.42,85226
1660856400,1758.42,1759.355,1745.585,1747.5,77294
1661115600,1747.5,1749.09,1727.85,1735.88,89142
1661202000,1735.88,1754.11,1730.9,1747.98,90678
1661288400,1747.98,1755.94,1742.515,1751.485,85457
1661374800,1751.485,1765.575,1749.995,1758.43,82790
1661461200,1758.43,1758.835,1734.265,1738.05,107052
1661720400,1738.05,1745.555,1720.405,1737.535,92986
1661806800,1737.535,1740.61,1721.215,1724.355,90849
1661893200,1724.355,1726.595,1709.675,1711.04,102679
1661979600,1711.04,1711.47,1688.915,1697.33,109977
1662066000,1697.33,1718.015,1695.07,1712.665,72579
1662325200,1712.665,1715.84,1707.795,1710.155,46672
1662411600,1710.155,1726.795,1699.88,1701.86,96042
1662498000,1701.86,1719.505,1691.46,1718.445,84540
1662584400,1718.445,1728.235,1704,1708.74,111952
1662670800,1708.74,1729.566,1708.595,1717.235,87321
1662930000,1717.235,1735.18,1712.04,1724.635,86525
1663016400,1724.635,1731.835,1697.115,1702.435,100612
1663102800,1702.435,1707.15,1693.67,1697.47,100890
1663189200,1697.47,1698.32,1660.435,1664.41,99707
1663275600,1664.41,1680.44,1654.19,1675.505,93957
1663534800,1675.505,1680.015,1659.75,1675.7,70055
1663621200,1675.7,1679.495,1660.03,1664.845,71504
1663707600,1664.845,1688.125,1653.87,1673.8,119812
1663794000,1673.8,1684.95,1655.715,1671.335,165919
1663880400,1671.335,1675.915,1639.745,1643.925,135455
1664139600,1643.925,1649.84,1621.205,1622.845,168541
1664226000,1622.845,1642.51,1622.845,1629.49,129013
1664312400,1629.49,1662.785,1614.925,1659.995,174988
1664398800,1659.995,1664.895,1641.575,1660.85,142394
1664485200,1660.85,1675.43,1659.32,1660.95,145095
1664744400,1660.95,1701.53,1659.695,1699.795,138190
1664830800,1699.795,1729.59,1695.24,1726.465,131946
1664917200,1726.465,1727.84,1700.59,1716.445,123662
1665003600,1716.445,1725.6,1706.955,1712.74,120952
1665090000,1712.74,1714.85,1690.695,1695,127040
1665349200,1695,1699.915,1665.77,1668.25,95519
1665435600,1668.25,1684.04,1661.03,1666.215,127343
1665522000,1666.215,1678.37,1661.47,1673.205,130410
1665608400,1673.205,1682.495,1642.465,1666.135,128124
1665694800,1666.135,1671.825,1640.27,1644.45,121730
1665954000,1644.45,1668.53,1644.17,1650.76,87442
1666040400,1650.76,1660.936,1645.915,1652.075,109812
1666126800,1652.075,1654.475,1627.725,1628.98,91501
1666213200,1628.98,1645.675,1622.545,1628.215,90333
1666299600,1628.215,1657.955,1617.28,1657.62,139942
1666558800,1657.62,1670.785,1644.005,1649.59,117018
1666645200,1649.59,1662.445,1638.355,1653,80026
1666731600,1653,1675.005,1649.82,1665.215,85264
1666818000,1665.215,1670.845,1654.89,1663.395,101127
1666904400,1663.395,1667.11,1638.12,1644.385,96069
1667163600,1644.385,1645.74,1631.805,1633.69,53632
1667250000,1633.69,1657.06,1630.795,1647.945,82792
1667336400,1647.945,1669.535,1634.785,1635.305,94156
1667422800,1635.305,1641.03,1616.675,1629.555,84142
1667509200,1629.555,1681.755,1628.735,1680.915,100030
1667772000,1680.915,1681.945,1666.94,1675.435,68483
1667858400,1675.435,1716.97,1664.76,1712.585,79690
1667944800,1712.585,1722.345,1702.255,1706.625,101162
1668031200,1706.625,1757.32,1703.96,1755.655,104778
1668117600,1755.655,1772.935,1747.31,1771.295,110776
1668376800,1771.295,1775.09,1753.315,1771.495,88282
1668463200,1771.495,1786.545,1767.13,1778.28,127162
1668549600,1778.28,1785.095,1770.385,1773.71,94214
1668636000,1773.71,1774.885,1754.51,1760.57,86275
1668722400,1760.57,1767.735,1747.555,1750.87,67706
1668981600,1750.87,1753.065,1732.595,1738.185,51600
1669068000,1738.185,1749.795,1737.095,1740,40745
1669154400,1740,1753.465,1727.495,1749.6,60716
1669240800,1749.6,1758.705,1749.335,1755.79,37717
1669327200,1755.79,1761.155,1746.02,1753.555,40047
1669586400,1753.555,1763.775,1739.675,1741.785,57996
1669672800,1741.785,1759.035,1740.24,1749.575,51669
1669759200,1749.575,1770.01,1744.95,1768.235,69923
1669845600,1768.235,1804.115,1768.235,1803.04,76259
1669932000,1803.04,1804.63,1778.545,1797.75,70891
1670191200,1797.75,1810.01,1765.91,1768.825,66549
1670277600,1768.825,1780.92,1767.365,1771.005,48533
1670364000,1771.005,1790.585,1768.825,1786.145,57478
1670450400,1786.145,1794.885,1781.49,1789.095,48402
1670536800,1789.095,1806.16,1788.54,1797.46,59735
1670796000,1797.46,1797.46,1777.685,1781.41,40487
1670882400,1781.41,1824.515,1781.025,1810.77,75705
1670968800,1810.77,1814.265,1795.495,1807.44,79335
1671055200,1807.44,1808.7,1773.845,1776.875,77722
1671141600,1776.875,1794.3,1774.365,1793.155,55133
1671400800,1793.155,1798.775,1783.905,1787.715,42917
1671487200,1787.715,1821.14,1784.695,1817.89,83849
1671573600,1817.89,1823.865,1811.925,1814.64,47261
1671660000,1814.64,1820.46,1784.85,1792.63,56279
1671746400,1792.63,1803.24,1791.25,1798.425,53125
1672092000,1798.425,1833.445,1798.425,1813.91,54855
1672178400,1813.91,1814.645,1797.1,1804.3,53633
1672264800,1804.3,1820.205,1804.18,1814.985,47045
1672351200,1814.985,1826.14,1813.4,1823.79,74918
1672696800,1823.79,1849.99,1823.79,1839.7,100770
1672783200,1839.7,1865.215,1836.24,1854.65,76233
1672869600,1854.65,1858.995,1825.13,1832.7,66836
1672956000,1832.7,1869.92,1831.42,1866.11,77133
1673215200,1866.11,1881.55,1866.11,1871.705,60521
1673301600,1871.705,1880.795,1867.93,1876.99,60283
1673388000,1876.99,1886.695,1867.22,1875.965,65959
1673474400,1875.965,1901.705,1870.3,1896.785,86288
1673560800,1896.785,1921.91,1892.395,1920.315,66075
1673820000,1920.315,1929.06,1910.915,1916.01,42380
1673906400,1916.01,1919.095,1903.81,1908.71,58969
1673992800,1908.71,1925.945,1896.675,1904.51,79921
1674079200,1904.51,1935.21,1901.035,1932.26,59576
1674165600,1932.26,1937.58,1920.72,1926.06,60306
1674424800,1926.06,1935.59,1911.435,1931.34,58426
1674511200,1931.34,1942.555,1917.22,1937.315,48239
1674597600,1937.315,1948.1,1919.945,1946.325,66017
1674684000,1946.325,1949.26,1918.695,1929.215,69317
1674770400,1929.215,1935.05,1916.745,1927.73,54335
1675029600,1927.73,1934.565,1920.745,1923.2,44861
1675116000,1923.2,1931.19,1900.87,1928.235,58763
1675202400,1928.235,1954.645,1920.58,1950.145,83262
1675288800,1950.145,1959.77,1911.375,1912.69,85620
1675375200,1912.69,1918.65,1861.43,1865.695,97515
1675634400,1865.695,1881.405,1862.13,1867.695,62641
1675720800,1867.695,1884.41,1865.05,1871.885,80008
1675807200,1871.885,1886.515,1869.16,1875.55,58339
1675893600,1875.55,1890.25,1858.975,1861.78,59722
1675980000,1861.78,1872.21,1852.835,1865.35,66271
1676239200,1865.35,1866.64,1850.525,1853.74,43393
1676325600,1853.74,1870.8,1843.26,1854.435,97140
1676412000,1854.435,1860.19,1830.62,1836.005,67909
1676498400,1836.005,1845.32,1827.665,1836.52,60769
1676584800,1836.52,1843.685,1818.975,1842.565,57762
1676844000,1842.565,1847.57,1837.36,1843.76,29521
1676930400,1843.76,1843.905,1830.29,1834.915,51231
1677016800,1834.915,1846.07,1823.56,1825.305,51795
1677103200,1825.305,1833.9,1817.55,1822.3,51711
1677189600,1822.3,1827.885,1809.01,1810.985,65299
1677448800,1810.985,1820.2,1806.705,1817.25,42639
1677535200,1817.25,1831.175,1804.685,1826.67,42265
1677621600,1826.67,1844.83,1823.15,1836.65,49931
1677708000,1836.65,1839.03,1830.05,1835.94,41289
1677794400,1835.94,1856.39,1835.94,1855.435,37695
1678053600,1855.435,1858.31,1845.225,1846.88,31455
1678140000,1846.88,1851.705,1812.775,1813.34,44746
1678226400,1813.34,1824.305,1809.425,1813.83,38988
1678312800,1813.83,1835.725,1811.985,1830.915,35709
1678399200,1830.915,1870.245,1827.815,1867.035,70998
1678654800,1867.035,1914.695,1867.035,1913.63,131040
1678741200,1913.63,1914.225,1895.435,1903.865,83404
1678827600,1903.865,1937.39,1885.79,1918.73,131026
1678914000,1918.73,1933.54,1907.56,1919.34,93255
1679000400,1919.34,1988.335,1918.305,1988.305,95813
1679259600,1988.305,2009.85,1965.99,1978.975,138288
1679346000,1978.975,1985.22,1935.465,1940.52,80572
1679432400,1940.52,1978.915,1934.345,1970.015,95641
1679518800,1970.015,2003.36,1964.615,1993.495,90866
1679605200,1993.495,2003.08,1975.325,1978.965,104846
1679864400,1978.965,1978.965,1944.045,1956.45,67400
1679950800,1956.45,1975.365,1949.245,1974.035,51915
1680037200,1974.035,1974.46,1958.755,1964.505,42937
1680123600,1964.505,1984.365,1955.41,1980.425,44014
1680210000,1980.425,1987.645,1966.935,1969.31,45696
1680469200,1969.31,1990.545,1949.81,1984.385,66546
1680555600,1984.385,2025.07,1977.035,2020.465,52318
1680642000,2020.465,2032.11,2010.09,2020.65,50955
1680728400,2020.65,2021.485,2000.89,2007.86,49143
1681074000,2007.86,2007.86,1981.68,1991.195,66635
1681160400,1991.195,2007.495,1988.875,2003.64,40748
1681246800,2003.64,2028.4,2001.22,2014.95,66829
1681333200,2014.95,2048.77,2014.175,2040.46,54462
1681419600,2040.46,2047.505,1992.5,2004.275,71842
1681678800,2004.275,2015.075,1981.19,1995.055,61121
1681765200,1995.055,2011.89,1991.32,2005.075,49962
1681851600,2005.075,2008.255,1969.305,1994.75,51668
1681938000,1994.75,2012.445,1990.565,2004.605,54408
1682024400,2004.605,2005.62,1971.695,1982.92,68455
1682283600,1982.92,1990.845,1974.155,1989.05,52264
1682370000,1989.05,2003.89,1976.185,1997.04,83782
1682456400,1997.04,2009.45,1983.375,1989.235,102567
1682542800,1989.235,2003.415,1974.115,1987.8,90833
1682629200,1987.8,1995.14,1976.265,1989.535,91849
1682888400,1989.535,2006.07,1977.12,1982.55,92283
1682974800,1982.55,2019.455,1978.52,2016.6,81795
1683061200,2016.6,2040.495,2008.025,2039.565,88496
1683147600,2039.565,2067,2030.39,2050.31,158198
1683234000,2050.31,2053.045,1999.585,2016.79,99893
1683493200,2016.79,2029.4,2014.305,2021.355,57904
1683579600,2021.355,2037.655,2019.55,2034.535,63973
1683666000,2034.535,2048.245,2021.565,2029.74,90192
1683752400,2029.74,2041.39,2011.185,2015.03,112821
1683838800,2015.03,2022.58,2000.96,2011.025,98231
1684098000,2011.025,2022.115,2007.845,2016.365,70894
1684184400,2016.365,2018.39,1985.53,1988.885,90207
1684270800,1988.885,1993.12,1975.095,1982.01,67870
1684357200,1982.01,1986.07,1952.01,1957.685,95953
1684443600,1957.685,1984.325,1954.13,1977.895,106304
1684702800,1977.895,1982.67,1968.905,1971.72,72635
1684789200,1971.72,1977.805,1954.3,1975.115,77592
1684875600,1975.115,1985.39,1956.77,1957.225,78959
1684962000,1957.225,1964.785,1938.915,1940.595,71543
1685048400,1940.595,1957.36,1936.815,1946.93,70979
1685307600,1946.93,1949.77,1940.385,1943.12,37313
1685394000,1943.12,1963.55,1932.11,1959.48,75804
1685480400,1959.48,1974.835,1953.7,1962.615,69234
1685566800,1962.615,1983.18,1953.445,1977.54,66617
1685653200,1977.54,1983.505,1947.68,1948.1,62360
1685912400,1948.1,1964.055,1938.15,1961.7,57157
1685998800,1961.7,1966.385,1954.395,1963.285,49756
1686085200,1963.285,1970.22,1939.955,1940.01,51978
1686171600,1940.01,1970.54,1940.01,1965.47,50107
1686258000,1965.47,1973.16,1956.665,1960.745,50155
1686517200,1960.745,1967.015,1949.28,1957.605,68616
1686603600,1957.605,1971.21,1940.095,1943.6,78621
1686690000,1943.6,1960.31,1939.755,1941.255,74771
1686776400,1941.255,1960.31,1925.04,1958.005,86479
1686862800,1958.005,1967.92,1953.32,1957.555,50018
1687122000,1957.555,1958.81,1947.84,1950.42,41354
1687208400,1950.42,1956.84,1929.82,1936.255,77044
1687294800,1936.255,1939.575,1919.245,1932.51,58919
1687381200,1932.51,1935.005,1912.465,1913.835,67665
1687467600,1913.835,1937.305,1910.21,1921.265,64345
1687726800,1921.265,1933.395,1921.265,1923.15,48009
1687813200,1923.15,1930.73,1910.89,1913.68,63008
1687899600,1913.68,1917.285,1902.87,1907.535,61344
1687986000,1907.535,1913.18,1893.07,1908.065,80916
1688072400,1908.065,1922.78,1900.605,1919.525,71833
1688331600,1919.525,1931.085,1910.08,1921.525,58322
1688418000,1921.525,1930.765,1920.005,1925.875,37517
1688504400,1925.875,1935.05,1914.855,1915.12,64898
1688590800,1915.12,1927.665,1902.745,1910.975,88195
1688677200,1910.975,1934.935,1909.62,1925.565,94162
1688936400,1925.565,1928.28,1912.75,1925.44,70937
1689022800,1925.44,1938.495,1924.42,1932.505,71828
1689109200,1932.505,1959.75,1932.315,1957.54,75985
1689195600,1957.54,1963.735,1952.47,1960.64,77345
1689282000,1960.64,1963.795,1950.99,1955.435,172146
1689541200,1955.435,1959.91,1945.84,1954.98,141677
1689627600,1954.98,1984.425,1954.65,1978.92,180348
1689714000,1978.92,1980.995,1969.81,1977.15,160240
1689800400,1977.15,1987.53,1965.39,1969.55,168774
1689886800,1969.55,1973.85,1956.905,1961.95,144222
1690146000,1961.95,1967.905,1953.475,1954.715,147897
1690232400,1954.715,1965.72,1952.005,1964.745,121634
1690318800,1964.745,1978.405,1962.065,1972.24,170682
1690405200,1972.24,1982.265,1942.645,1945.15,189868
1690491600,1945.15,1963.575,1945.15,1959.34,176345
1690750800,1959.34,1972.455,1950.206,1965.615,139132
1690837200,1965.615,1966.015,1941.29,1944.2,136205
1690923600,1944.2,1954.88,1933.036,1934.71,162768
1691010000,1934.71,1938.94,1929.61,1934.225,140159
1691096400,1934.225,1946.99,1924.78,1942.655,156902
1691355600,1942.655,1946.815,1931.525,1936.585,112919
1691442000,1936.585,1938.155,1922.795,1925.16,139132
1691528400,1925.16,1932.395,1914.125,1914.95,123977
1691614800,1914.95,1930.18,1912.245,1912.42,155508
1691701200,1912.42,1920.97,1910.9,1913.815,132068
1691960400,1913.815,1916.26,1902.73,1907.505,130484
1692046800,1907.505,1911.71,1896.455,1901.82,163154
1692133200,1901.82,1907.275,1891.875,1892.09,142099
1692219600,1892.09,1903.515,1885.085,1889.25,144196
1692306000,1889.25,1896.905,1886.81,1889.545,106517
1692565200,1889.545,1898.825,1884.885,1894.895,119196
1692651600,1894.895,1904.55,1889.195,1897.675,112446
1692738000,1897.675,1920.425,1897.67,1915.41,126671
1692824400,1915.41,1923.4,1911.845,1916.79,118277
1692910800,1916.79,1922.44,1903.81,1914.425,119559
1693170000,1914.425,1926.1,1912.835,1920.19,81907
1693256400,1920.19,1938.235,1914.485,1937.435,123990
1693342800,1937.435,1949.115,1934.995,1942.425,126012
1693429200,1942.425,1947.955,1939.085,1939.855,115474
1693515600,1939.855,1953.055,1934.47,1939.9,147208
1693774800,1939.9,1946.335,1936.805,1938.455,59944
1693861200,1938.455,1939.035,1925.37,1926.01,120681
1693947600,1926.01,1929.245,1915.345,1916.49,126647
1694034000,1916.49,1923.67,1916.27,1919.66,107298
1694120400,1919.66,1929.75,1917.385,1919.085,106884
1694379600,1919.085,1930.78,1916.63,1922.38,115630
1694466000,1922.38,1924.555,1907.62,1913.43,122013
1694552400,1913.43,1915.815,1905.695,1908.32,136390
1694638800,1908.32,1912.97,1901.05,1910.72,154648
1694725200,1910.72,1930.475,1909.865,1923.92,135779
1694984400,1923.92,1934.29,1922.65,1933.695,106931
1695070800,1933.695,1937.43,1929.8,1931.36,93077
1695157200,1931.36,1947.465,1927.995,1930.62,137976
1695243600,1930.62,1931.685,1913.94,1920.085,145251
1695330000,1920.085,1929.15,1919.855,1925.43,107780
1695589200,1925.43,1927.245,1915.23,1916.015,87032
1695675600,1916.015,1916.84,1899.155,1900.67,95895
1695762000,1900.67,1903.97,1872.58,1874.835,111312
1695848400,1874.835,1879.685,1857.71,1864.795,137250
1695934800,1864.795,1879.89,1846.335,1848.82,136620
1696194000,1848.82,1848.995,1827.225,1827.89,135971
1696280400,1827.89,1833.425,1815.32,1822.905,170346
1696366800,1822.905,1830.675,1816.64,1821.315,168620
1696453200,1821.315,1829.225,1813.03,1820.3,139390
1696539600,1820.3,1834.92,1810.465,1832.035,163231
1696798800,1832.035,1863.55,1832.035,1861.405,129869
1696885200,1861.405,1865.46,1853.045,1860.46,146970
1696971600,1860.46,1877.27,1858.68,1874.055,144528
1697058000,1874.055,1885.16,1867.965,1868.835,136922
1697144400,1868.835,1932.93,1868.835,1932.365,168457
1697403600,1932.365,1932.365,1908.235,1920.165,139850
1697490000,1920.165,1931.635,1912.46,1923.23,141226
1697576400,1923.23,1962.675,1923.23,1947.815,157102
1697662800,1947.815,1977.74,1945.28,1974.075,173056
1697749200,1974.075,1997.26,1972.06,1980.9,166852
1698008400,1980.9,1982.875,1964.425,1972.84,143569
1698094800,1972.84,1980.9,1953.635,1971.025,142340
1698181200,1971.025,1987.31,1963.035,1979.96,131904
1698267600,1979.96,1993.545,1971.89,1984.95,144881
1698354000,1984.95,2009.565,1976.92,2006.02,144236
1698613200,2006.02,2006.845,1990.97,1996.26,144378
1698699600,1996.26,2007.99,1978.9,1983.9,143884
1698786000,1983.9,1992.085,1969.91,1982.355,140725
1698872400,1982.355,1991.06,1978.915,1985.91,111564
1698958800,1985.91,2004.1,1983.34,1992.59,136271
1699221600,1992.59,1993.145,1977.47,1977.975,97762
1699308000,1977.975,1978.36,1956.76,1969.3,118419
1699394400,1969.3,1971.1,1947.48,1950.28,106175
1699480800,1950.28,1965.7,1944.725,1958.26,126934
1699567200,1958.26,1960.835,1933.03,1938.385,112619
1699826400,1938.385,1949.21,1931.685,1946.155,103756
1699912800,1946.155,1971.05,1941.535,1963.175,120062
1699999200,1963.175,1975.425,1955.49,1959.545,126171
1700085600,1959.545,1988,1956.545,1981.39,123442
1700172000,1981.39,1993.49,1978.635,1980.73,111880
1700431200,1980.73,1985.25,1965.495,1977.845,136595
1700517600,1977.845,2007.65,1977.845,1998.525,152053
1700604000,1998.525,2006.455,1986.965,1989.885,130487
1700690400,1989.885,1998.57,1989.825,1992.89,64022
1700776800,1992.89,2003.66,1991.49,2002.495,92852
1701036000,2002.495,2018.325,2000.67,2014.175,131259
1701122400,2014.175,2043.11,2011.685,2040.97,109185
1701208800,2040.97,2052.06,2035.32,2044.32,179760
1701295200,2044.32,2047.235,2031.53,2036.165,151321
1701381600,2036.165,2075.43,2033.94,2071.88,171997
1701640800,2071.88,2148.99,2020.135,2029,243946
1701727200,2029,2041.3,2009.936,2019.345,183183
1701813600,2019.345,2035.97,2017.29,2025.475,152499
1701900000,2025.475,2039.975,2020.235,2028.515,169648
1701986400,2028.515,2034.065,1994.74,2004.44,200139
1702245600,2004.44,2007.85,1975.895,1981.84,153138
1702332000,1981.84,1996.76,1977.28,1979.435,139693
1702418400,1979.435,2027.88,1973.09,2027.575,151582
1702504800,2027.575,2047.935,2024.28,2036.265,228726
1702591200,2036.265,2044.945,2015.65,2019.54,170501
1702850400,2019.54,2033.75,2016.065,2027.24,120635
1702936800,2027.24,2047.03,2021.75,2040.245,125108
1703023200,2040.245,2043.535,2027.485,2031.78,133107
1703109600,2031.78,2046.105,2031.62,2045.92,150695
1703196000,2045.92,2070.705,2045.92,2053.2,181401
1703541600,2053.2,2069.085,2053.2,2067.71,74447
1703628000,2067.71,2084.495,2061.51,2077.12,111713
1703714400,2077.12,2088.545,2064.725,2065.265,157847
1703800800,2065.265,2074.845,2058.275,2062.97,153493
1704146400,2062.97,2078.975,2055.89,2059.045,147595
1704232800,2059.045,2066.005,2030.695,2041.29,170951
1704319200,2041.29,2051.015,2036.3,2043.435,130668
1704405600,2043.435,2064.035,2024.525,2045.625,176517
1704664800,2045.625,2046.685,2016.82,2028.035,151015
1704751200,2028.035,2042.035,2026.185,2030.02,141030
1704837600,2030.02,2040.3,2020.525,2024.32,128137
1704924000,2024.32,2045.17,2013.39,2029.015,192985
1705010400,2029.015,2062.31,2029.01,2049.155,175463
1705269600,2049.155,2058.67,2045.835,2054.765,87639
1705356000,2054.765,2055.615,2024.33,2028.505,189760
1705442400,2028.505,2032.98,2001.895,2006.335,179800
1705528800,2006.335,2023.395,2005.835,2023.02,143058
1705615200,2023.02,2039.415,2020.475,2029.62,133853
1705874400,2029.62,2032.175,2016.605,2021.66,139263
1705960800,2021.66,2037.975,2019.675,2029.155,137669
1706047200,2029.155,2036.735,2011.275,2014.235,159915
1706133600,2014.235,2025.32,2009.445,2020.94,158304
1706220000,2020.94,2026.9,2015.995,2018.59,108939
1706479200,2018.59,2037.61,2018.59,2032.53,106752
1706565600,2032.53,2048.63,2029.1,2036.83,126990
1706652000,2036.83,2056.07,2030.94,2039.155,169978
1706738400,2039.155,2065.53,2030.07,2054.825,182127
1706824800,2054.825,2057.705,2027.87,2039.75,152844
1707084000,2039.75,2042.315,2014.96,2024.89,147970
1707170400,2024.89,2038.945,2022.975,2035.885,122017
1707256800,2035.885,2044.655,2030.645,2035,111640
1707343200,2035,2038.785,2020.25,2034.21,118816
1707429600,2034.21,2037.25,2020.35,2024.36,114125
1707688800,2024.36,2027.665,2011.945,2020.01,95774
1707775200,2020.01,2031.588,1990.155,1993.09,109390
1707861600,1993.09,1996.155,1984.305,1992.365,111101
1707948000,1992.365,2008.34,1990.325,2004.4,109685
1708034400,2004.4,2015.23,1995.16,2013.23,106807
1708293600,2013.23,2023.07,2000.355,2017.945,67228
1708380000,2017.945,2030.92,2015.12,2024.415,104705
1708466400,2024.415,2032.33,2020.095,2026.04,101282
1708552800,2026.04,2034.945,2019.715,2024.355,112713
1708639200,2024.355,2041.41,2016.125,2035.375,113119
1708898400,2035.375,2037.13,2025.115,2031.25,101354
1708984800,2031.25,2039.51,2028.855,2030.445,100546
1709071200,2030.445,2037.95,2024.555,2034.46,102208
1709157600,2034.46,2050.745,2028.165,2044.29,120182
1709244000,2044.29,2088.38,2039.11,2082.73,140480
1709503200,2082.73,2119.975,2079.53,2114.365,145983
1709589600,2114.365,2141.88,2110.53,2128.045,163751
1709676000,2128.045,2152.25,2123.765,2148.15,155605
1709762400,2148.15,2164.8,2144.255,2160.115,157706
1709848800,2160.115,2195.235,2154.06,2179.105,164938
1710104400,2179.105,2189.125,2174.86,2182.73,127654
1710190800,2182.73,2184.815,2150.66,2158.46,149448
1710277200,2158.46,2179.92,2155.855,2174.385,132689
1710363600,2174.385,2177.045,2152.845,2162.13,139223
1710450000,2162.13,2172.81,2155.25,2156.01,115977
1710709200,2156.01,2163.63,2146.155,2160.32,114731
1710795600,2160.32,2162.905,2147.205,2157.575,113432
1710882000,2157.575,2188.905,2149.66,2186.37,130330
1710968400,2186.37,2222.915,2166.445,2181.36,202409
1711054800,2181.36,2186.13,2157.13,2165.31,155481
1711314000,2165.31,2181.41,2163.615,2171.805,124325
1711400400,2171.805,2200.175,2167.625,2178.74,146164
1711486800,2178.74,2197.675,2173.485,2194.86,116977
1711573200,2194.86,2236.33,2187.41,2233.12,162920
1711918800,2233.12,2265.775,2228.54,2251.67,164241
1712005200,2251.67,2281.155,2246.715,2280.815,190222
1712091600,2280.815,2301.27,2265.505,2299.93,209044
1712178000,2299.93,2305.65,2279.725,2291.21,171532
1712264400,2291.21,2330.525,2267.78,2330.16,224815
1712523600,2330.16,2354.155,2302.975,2339.15,257694
1712610000,2339.15,2365.395,2337.27,2352.41,227807
1712696400,2352.41,2360.15,2319.395,2333.865,235448
1712782800,2333.865,2377.755,2325.74,2372.285,217097
1712869200,2372.285,2431.59,2333.88,2344.235,326788
1713128400,2344.235,2387.645,2324.255,2383.51,289786
1713214800,2383.51,2398.38,2363.06,2383.13,314342
1713301200,2383.13,2395.64,2354.73,2361.095,256356
1713387600,2361.095,2392.86,2361.095,2379.05,236137
1713474000,2379.05,2417.92,2372.91,2392.07,322721
1713733200,2392.07,2392.07,2324.67,2327.24,252886
1713819600,2327.24,2334.51,2291.465,2322.13,311812
1713906000,2322.13,2337.385,2311.815,2315.95,244443
1713992400,2315.95,2344.93,2305.025,2332.49,245821
1714078800,2332.49,2352.64,2326.365,2338.05,210509
1714338000,2338.05,2346.83,2319.84,2335.55,214642
1714424400,2335.55,2336.41,2285.22,2286.21,189148
1714510800,2286.21,2328.43,2281.68,2319.56,219369
1714597200,2319.56,2326.515,2285.545,2303.8,222880
1714683600,2303.8,2320.705,2277.345,2301.81,211036
1714942800,2301.81,2332.225,2291.85,2323.995,195677
1715029200,2323.995,2329.98,2310.04,2314.135,185138
1715115600,2314.135,2321.53,2303.745,2308.69,144285
1715202000,2308.69,2347.25,2306.655,2346.245,193325
1715288400,2346.245,2378.56,2345.325,2360.515,208503
1715547600,2360.515,2364.555,2332.11,2336.14,162094
1715634000,2336.14,2359.705,2334.89,2357.98,166194
1715720400,2357.98,2390.315,2351.915,2386.13,205493
1715806800,2386.13,2397.515,2371.01,2376.955,192066
1715893200,2376.955,2422.79,2374.02,2414.715,176052
1716152400,2414.715,2450.125,2407.34,2426.53,268285
1716238800,2426.53,2433.995,2406.16,2421.025,230456
1716325200,2421.025,2426.615,2374.995,2379.175,237569
1716411600,2379.175,2383.785,2327.02,2328.675,276873
1716498000,2328.675,2347.54,2325.465,2334,166580
1716757200,2334,2358.565,2332.285,2351.375,126705
1716843600,2351.375,2364.175,2340.31,2361.385,189280
1716930000,2361.385,2361.615,2334.54,2338.145,161527
1717016400,2338.145,2351.905,2322.66,2343.34,205118
1717102800,2343.34,2359.725,2320.595,2327.2,203391
1717362000,2327.2,2354.77,2314.795,2350.635,226649
1717448400,2350.635,2352.885,2315.675,2327.01,231071
1717534800,2327.01,2357.425,2325.965,2355.28,190215
1717621200,2355.28,2378.6,2353.5,2376.09,209308
1717707600,2376.09,2387.785,2286.83,2294.015,275497
1717966800,2294.015,2313.865,2287.805,2310.995,150319
1718053200,2310.995,2320,2297.8,2316.905,182302
1718139600,2316.905,2341.7,2310.75,2325.03,253456
1718226000,2325.03,2326.795,2295.59,2304.135,232552
1718312400,2304.135,2336.725,2301.605,2332.645,198693
1718571600,2332.645,2332.645,2310.02,2319.285,167115
1718658000,2320.295,2333.165,2306.65,2329.58,169498
1718744400,2329.005,2335.03,2323.78,2328.23,88930
1718830800,2330.075,2365.59,2327.765,2360.145,175641
1718917200,2359.665,2368.765,2316.785,2321.875,180701
1719176400,2321.03,2334.73,2317.775,2334.43,163356
1719262800,2333.945,2337.16,2315.59,2319.595,169421
1719349200,2320.13,2324.015,2293.69,2298.47,187602
1719435600,2298.84,2331.015,2296.61,2327.81,170158
1719522000,2327.105,2339.785,2319.105,2326.72,176721
1719781200,2323.32,2338.545,2318.605,2331.855,164745
1719867600,2331.875,2336.89,2319.13,2329.485,156837
1719954000,2330.335,2364.995,2326.885,2356.16,167602
1720040400,2356.955,2362.6,2350.51,2357.2,89609
1720126800,2357.03,2392.965,2348.62,2391.62,195599
1720386000,2389.41,2391.13,2351.09,2359.26,187976
1720472400,2359.125,2371.625,2349.485,2364.03,181350
1720558800,2363.9,2386.73,2363.15,2371.32,168686
1720645200,2371.93,2424.6,2371.34,2415.375,237015
1720731600,2413.075,2418.31,2391.52,2410.92,210057
1720990800,2411.81,2439.855,2401.405,2422.395,213404
1721077200,2422.08,2469.765,2420.08,2468.93,213594
1721163600,2467.82,2483.74,2451.57,2458.81,262838
1721250000,2458.755,2475,2440.415,2445.31,220149
1721336400,2444.495,2445.34,2393.88,2400.82,234446
1721595600,2403.82,2412.255,2383.93,2396.42,208530
1721682000,2397.595,2412.075,2388.31,2409.65,210649
1721768400,2408.785,2432.065,2396.86,2397.395,223357
1721854800,2397.855,2401.31,2353.195,2364.3,306369
1721941200,2364.505,2390.84,2355.875,2387.02,218330
1722200400,2388.395,2403.265,2369.65,2383.79,208280
1722286800,2382.525,2412.935,2376.535,2410.88,212759
1722373200,2410.74,2451.005,2403.94,2447.57,263139
1722459600,2447.77,2462.325,2430.275,2446.385,308308
1722546000,2447.24,2477.725,2410.885,2442.495,361891
1722805200,2441.94,2458.875,2364.39,2409.89,475567
1722891600,2411.395,2418.43,2381.56,2390.13,340393
1722978000,2390.195,2407.125,2379.05,2382.91,290786
1723064400,2381.475,2427.755,2381.14,2427.27,265056
1723150800,2427.22,2437.085,2416.925,2431.265,223088
1723410000,2428.135,2473.225,2423.89,2472.12,180141
1723496400,2470.39,2476.99,2458.56,2465.055,205142
1723582800,2466.365,2480.125,2438.145,2447.95,224080
1723669200,2448.2,2470.155,2432.225,2456.545,226169
1723755600,2456.105,2509.82,2450.805,2508.14,223838
1724014800,2506.525,2507.535,2485.735,2504.285,220264
1724101200,2503.74,2531.765,2497.4,2514.11,229278
1724187600,2513.86,2519.985,2493.83,2512.25,213088
1724274000,2512.22,2514.73,2470.85,2484.72,222479
1724360400,2485.335,2518.4,2484.41,2512.49,230098
1724619600,2512.035,2526.9,2508.81,2517.955,198137
1724706000,2517.73,2526.01,2503.585,2524.825,201379
1724792400,2525.26,2529.135,2493.665,2504.67,205552
1724878800,2506.21,2528.74,2503.69,2521.215,219815
1724965200,2520.805,2526.925,2494.215,2503.4,223097
1725224400,2502.84,2507.33,2490.105,2499.42,127916
1725310800,2499.55,2506.35,2473.325,2492.95,241125
1725397200,2492.62,2500.345,2471.915,2495.545,209334
1725483600,2495.32,2523.525,2493.88,2516.815,217513
1725570000,2516.46,2529.3,2485.19,2497.565,264809
1725829200,2496.79,2507.265,2485.61,2506.395,222295
1725915600,2506.73,2518.535,2500.19,2516.735,207602
1726002000,2516.55,2529.09,2501,2511.675,270422
1726088400,2512.945,2560.13,2511.095,2558.655,241962
1726174800,2558.38,2586.16,2556.795,2578.715,251812
1726434000,2578.79,2589.715,2575.245,2582.665,179045
1726520400,2582.66,2587.02,2560.78,2569.59,202235
1726606800,2570.325,2600.29,2546.86,2559.3,270952
1726693200,2559.235,2594.945,2551.16,2586.91,296927
1726779600,2586.52,2625.79,2584.875,2622.235,272796
1727038800,2621.365,2634.905,2613.89,2628.63,226647
1727125200,2627.79,2664.38,2622.68,2657.26,280786
1727211600,2658.69,2670.605,2649.7,2656.995,250522
1727298000,2657.74,2685.64,2654.84,2672.435,280327
1727384400,2672.235,2674.375,2643.155,2658.55,297822
1727643600,2661.815,2666.05,2624.78,2634.69,295187
1727730000,2633.53,2673.26,2633.31,2663.61,243087
1727816400,2661.92,2663.445,2641.18,2658.75,252533
1727902800,2658.77,2663.015,2637.015,2656.11,381668
1727989200,2655.95,2670.24,2632.015,2653.84,474423
1728248400,2651.39,2659.66,2637.77,2642.585,461688
1728334800,2642.085,2653.115,2604.82,2621.965,599675
1728421200,2622.11,2624.375,2605.21,2607.735,460186
1728507600,2607.735,2631.565,2604.39,2629.92,479519
1728594000,2628.62,2661.475,2628.18,2657.18,381985
1728853200,2648.805,2666.875,2643.245,2648.785,353209
1728939600,2649.215,2668.965,2638.105,2662.695,477257
1729026000,2662.285,2685.465,2658.8,2673.93,442655
1729112400,2674.605,2696.8,2673.165,2693.01,475273
1729198800,2693.045,2722.65,2692.395,2721.9,465216
1729458000,2723.09,2740.6,2714.235,2719.675,528355
1729544400,2719.36,2748.975,2719.16,2748.96,443984
1729630800,2747.33,2758.525,2708.755,2715.59,512450
1729717200,2716.415,2743.325,2716.215,2736.08,447229
1729803600,2735.95,2747.835,2717.1,2747.215,394346
1730062800,2734.065,2746.01,2724.755,2742.325,374072
1730149200,2741.45,2774.885,2739.87,2774.58,435600
1730235600,2773.51,2790.07,2770.925,2787.475,407373
1730322000,2786.87,2790.17,2731.635,2743.95,447697
1730408400,2745.37,2762.275,2733.255,2736.45,439514
1730671200,2732.04,2748.24,2731.77,2736.605,398027
1730757600,2737.365,2750.09,2724.765,2743.91,357215
1730844000,2743.065,2749.78,2652.405,2659.175,789740
1730930400,2662.255,2710.52,2643.355,2706.84,532666
1731016800,2704.26,2710.43,2680.415,2684.455,483390
1731276000,2683.71,2686.165,2610.695,2619.595,455754
1731362400,2621.07,2627.235,2589.725,2598.29,486364
1731448800,2597.96,2618.92,2572.7,2572.83,494637
1731535200,2573.84,2581.445,2536.855,2564.72,543930
1731621600,2566.485,2576.045,2554.395,2563.22,490288
1731880800,2567.13,2615.145,2567.13,2612.04,432930
1731967200,2610.755,2639.53,2610.465,2632.2,464478
1732053600,2632.535,2655.485,2618.89,2650.46,412551
1732140000,2649.925,2673.595,2648.975,2669.645,392219
1732226400,2669.5,2716.4,2668.2,2716.335,498195
1732485600,2711.165,2721.42,2615.67,2625.62,557833
1732572000,2627.485,2642.02,2605.31,2632.955,448212
1732658400,2631.21,2658.275,2627.125,2636.09,346215
1732744800,2637.98,2649.735,2620.99,2637.6,245097
1732834800,2639.285,2666.35,2634.09,2650.35,374632
1733090400,2648.94,2651.905,2621.98,2638.955,480068
1733176800,2638.96,2655.665,2634.165,2643.885,387389
1733263200,2642.66,2657.235,2632.465,2650.22,334814
1733349600,2649.36,2655.635,2623.615,2631.925,288813
1733436000,2631.985,2645.73,2613.11,2633.33,374739
1733695200,2643.08,2676.48,2627.575,2660.325,366991
1733781600,2661.1,2695.595,2658.035,2693.875,336816
1733868000,2695.145,2721.27,2675.465,2718.245,309643
1733954400,2717.81,2726.295,2675.165,2680.825,242727
1734040800,2680.705,2692.865,2646.22,2648.68,376400
1734300000,2648.86,2664.475,2643.595,2652.75,311160
1734386400,2652.26,2658.74,2633.16,2646.6,339086
1734472800,2646.88,2651.785,2583.915,2585.61,409156
1734559200,2587.54,2626.44,2586.46,2594.55,435472
1734645600,2594.18,2631.92,2589.665,2623.61,349070
1734904800,2622.21,2633.39,2608.26,2612.755,254740
1734991200,2614.795,2621.535,2610.105,2616.875,193966
1735164000,2615.31,2639.175,2615.145,2633.865,205690
1735250400,2633.3,2638.3,2611.715,2622.035,243546
1735509600,2622.075,2628.095,2596.185,2605.825,240719
1735596000,2606.065,2627.625,2602.76,2624.26,217489
1735768800,2625.07,2660.605,2621.775,2658.23,368196
1735855200,2657.82,2665.405,2636.705,2639.725,306090
1736114400,2639.88,2649.52,2614.635,2636.105,379023
1736200800,2635.965,2664.33,2633,2648.625,362076
1736287200,2648.655,2670.15,2645.37,2661.655,365878
1736373600,2662.24,2678.405,2655.635,2670.34,252111
1736460000,2670.45,2697.95,2664.075,2689.375,399884
1736719200,2689.32,2693.555,2656.835,2663.21,462733
1736805600,2664.465,2678.395,2659.89,2677.51,402726
1736892000,2676.94,2697.42,2669.365,2696.265,391665
1736978400,2696.16,2724.785,2690.05,2714.87,437327
1737064800,2714.215,2717.43,2699.3,2703.15,367955
1737324000,2703.135,2713.885,2689.375,2707.905,347547
1737410400,2708.015,2746.055,2702.815,2744.865,469819
1737496800,2744.55,2763.435,2741.965,2756.345,375216
1737583200,2755.74,2758.97,2735.96,2754.855,392044
1737669600,2753.815,2786.06,2753.64,2770.885,388861
1737928800,2765.17,2772.745,2730.56,2740.655,428593
1738015200,2740.88,2765.09,2734.815,2763.42,280528
1738101600,2763.305,2766.265,2744.755,2760.09,345401
1738188000,2758.43,2798.605,2758.39,2794.165,397704
1738274400,2794.425,2817.215,2791.07,2797.94,431361
1738533600,2801.655,2830.755,2772.215,2814.71,547301
1738620000,2813.3,2845.47,2807.275,2842.29,461656
1738706400,2841.36,2882.31,2839.74,2867.215,424896
1738792800,2867.785,2873.34,2834.27,2855.925,437120
1738879200,2856.015,2886.855,2852.595,2861.25,453343
1739138400,2861.84,2911.965,2860.405,2908.175,401791
1739224800,2911.95,2942.78,2881.56,2897.615,555190
1739311200,2898.025,2909.265,2864.33,2903.96,442740
1739397600,2904.79,2929.48,2900.545,2928.33,353614
1739484000,2928.05,2939.98,2877.025,2882.482,464231
1739743200,2893.375,2906.525,2878.785,2898.49,259385
1739829600,2898.71,2936.955,2892.07,2935.465,271936
1739916000,2935.06,2947.08,2918.64,2933.26,315664
1740002400,2934.175,2954.955,2924.035,2939.385,310009
1740088800,2939.43,2949.93,2916.82,2936.26,325673
1740348000,2939.785,2956.31,2921.475,2952.065,331108
1740434400,2952.84,2953.425,2888.18,2915.045,411168
1740520800,2915.835,2930.18,2890.865,2916.275,280951
1740607200,2915.98,2920.815,2867.795,2877.195,403773
1740693600,2876.52,2885.24,2832.72,2858.14,382122
1740952800,2873.14,2895.21,2859,2892.985,321052
1741039200,2892.7,2927.91,2881.98,2917.85,367828
1741125600,2917.885,2929.98,2894.35,2919.265,441547
1741212000,2918.685,2926.72,2891.15,2911.1,386672
1741298400,2912.935,2930.54,2896.91,2909.55,417409
1741554000,2912.41,2918.385,2880.31,2889.5,396075
1741640400,2889.865,2922.225,2880.25,2915.695,291853
1741726800,2915.36,2940.69,2906.11,2933.61,337358
1741813200,2934.88,2989.3,2932.98,2988.695,345954
1741899600,2984.23,3005.04,2978.505,2984.91,363349
1742158800,2988.225,3001.975,2982.34,3001.13,270159
1742245200,3001.16,3038.35,2999.46,3034.115,332214
1742331600,3033.97,3051.97,3022.885,3047.14,298178
1742418000,3048.72,3057.59,3025.73,3044.66,316888
1742504400,3045.005,3047.55,2999.465,3023.985,309391
1742763600,3023.165,3033.34,3002.495,3012.15,331307
1742850000,3011.705,3036.07,3007.54,3020.09,263110
1742936400,3021.175,3032.165,3012.33,3019.495,255599
1743022800,3020.345,3059.755,3017.655,3056.605,342726
1743109200,3056.07,3086.965,3054.235,3085.345,353799
1743368400,3093.01,3128.135,3076.805,3123.72,392512
1743454800,3124.935,3149.09,3100.87,3114.475,413028
1743541200,3114.095,3145.34,3104.79,3134.305,372572
1743627600,3131.44,3167.835,3054.19,3114.575,693810
1743714000,3114.52,3136.775,3015.65,3037.885,657949
1743973200,3030.77,3057.305,2956.565,2981.94,811116
1744059600,2982.095,3022.76,2974.795,2982.25,553303
1744146000,2982.735,3099.77,2969.97,3082.95,820998
1744232400,3080.48,3176.6,3071.505,3175.365,629326
1744318800,3179.765,3245.485,3177.26,3237.93,700007
1744578000,3222.955,3245.845,3193.63,3210.68,498319
1744664400,3212.565,3233.705,3210.065,3229.795,299087
1744750800,3230.675,3343.2,3230.675,3343.1,509411
1744837200,3348.59,3357.775,3283.955,3327.375,512722
1745182800,3332.26,3430.61,3331.405,3424.235,494840
1745269200,3427.86,3500.2,3366.905,3381.16,744909
1745355600,3324.79,3386.77,3260.19,3288.24,768828
1745442000,3306.065,3367.685,3305.375,3348.99,566926
1745528400,3348.99,3370.475,3265.135,3319.345,591947
1745787600,3326.365,3353.2,3268.11,3343.875,542746
1745874000,3345.47,3345.505,3299.675,3317.15,460464
1745960400,3317.76,3328.155,3266.91,3288.155,546379
1746046800,3285.63,3288.16,3201.955,3238.295,528387
1746133200,3239.43,3269.3,3222.755,3240.95,521602
1746392400,3238.295,3337.67,3237.79,3334.195,428084
1746478800,3333.575,3435.055,3322.755,3431.14,547512
1746565200,3416.915,3422.135,3360.2,3364.355,589154
1746651600,3372.725,3414.79,3288.805,3305.98,579170
1746738000,3310.125,3347.625,3274.81,3325.39,482638
1746997200,3325.39,3325.39,3207.79,3235.075,715974
1747083600,3237.93,3265.785,3215.855,3250.18,470633
1747170000,3252,3257.14,3168.065,3177.585,570772
1747256400,3181.06,3240.725,3120.765,3239.97,529659
1747342800,3241.785,3252.255,3154.3,3204.45,519674
1747602000,3215.99,3249.85,3206.725,3230.4,491609
1747688400,3228.025,3295.79,3204.67,3289.845,467220
1747774800,3292.7,3324.935,3285.34,3315.245,535983
1747861200,3319.9,3345.47,3279.235,3295.01,600259
1747947600,3297.82,3366.015,3287.075,3358.125,574178
1748206800,3351.4,3356.995,3323.5,3342.475,278360
1748293200,3346.38,3350.095,3285.25,3300.75,443446
1748379600,3304.215,3325.695,3276.355,3288.725,407210
1748466000,3289.59,3331.47,3245.56,3317.615,529716
1748552400,3317.9,3322.925,3271.46,3289.7,438039
1748811600,3303.415,3382.96,3299.955,3381.87,462340
1748898000,3384.61,3392.305,3333.17,3353.385,431505
1748984400,3356.735,3384.76,3343.815,3372.45,421951
1749070800,3374.615,3403.625,3339.35,3352.73,566563
1749157200,3356.29,3375.705,3307.195,3309.98,526451
1749416400,3317.785,3338.295,3293.5,3325.675,399721
1749502800,3324.31,3349.28,3302.015,3322.61,452378
1749589200,3322.375,3360.79,3315.59,3355.25,452171
1749675600,3357.905,3399.05,3338.59,3386.58,533026
1749762000,3383.865,3446.88,3379.535,3432.835,571204
1750021200,3440.48,3451.525,3382.54,3385.22,453858
1750107600,3388.445,3403.43,3366.115,3388.455,447328
1750194000,3395.865,3400.11,3362.605,3369.3,413190
1750280400,3371.415,3388.175,3347.53,3370.38,323934
1750366800,3369.735,3374.63,3340.415,3368.75,355105
1750626000,3383.825,3393.64,3347.035,3369.2,491685
1750712400,3358.435,3363.9,3295.315,3323.45,520045
1750798800,3322.825,3337.205,3312.055,3332.395,314124
1750885200,3334.315,3350.415,3309.99,3327.82,406441
1750971600,3325.33,3325.37,3255.85,3274.175,498242
1751230800,3271.64,3309.645,3244.415,3303.15,349557
1751317200,3303.3,3358.085,3302.395,3338.72,417491
1751403600,3340.125,3360.13,3327.655,3357.09,398577
1751490000,3359.515,3365.92,3311.625,3326.03,374883
1751576400,3324.24,3345.175,3323.66,3336.615,221059
1751835600,3341.57,3342.075,3296.28,3336.44,455743
1751922000,3340.5,3345.955,3287.11,3301.72,446381
1752008400,3302.83,3316.99,3282.665,3313.7,374949
1752094800,3315.76,3330.36,3310.175,3324.015,309292
1752181200,3325.94,3368.86,3321.915,3355.665,574691
1752440400,3362.375,3375.085,3341.09,3343.755,408389
1752526800,3343.085,3366.425,3320.305,3325.005,346041
1752613200,3326.32,3377.655,3319.695,3347.6,501065
1752699600,3350.96,3352.28,3309.79,3339.06,385401
1752786000,3341.45,3361.33,3331.885,3350.095,315266
1753045200,3348.84,3401.645,3344.905,3397.06,437644
1753131600,3399.3,3433.51,3383.42,3431.56,439654
1753218000,3430.92,3439.035,3381.42,3387.45,520926
1753304400,3390.855,3393.48,3351.465,3368.71,446313
1753390800,3369.45,3373.495,3325.115,3337.07,327008
1753650000,3329.475,3345.52,3301.765,3314.45,356387
1753736400,3313.84,3334.27,3308.16,3326.67,337913
1753822800,3327.68,3334.09,3268.12,3275.29,421638
1753909200,3277.29,3314.985,3276.285,3290.12,386907
1753995600,3291.675,3363.6,3281.745,3362.895,390787
1754254800,3364.795,3385.535,3345.005,3373.635,282190
1754341200,3376.195,3390.6,3349.89,3380.96,271336
1754427600,3381.475,3385.365,3358.255,3369.27,283447
1754514000,3372.44,3401.885,3365.305,3396.48,656325
1754600400,3400.365,3409.43,3376.575,3397.765,1314484
1754859600,3399.75,3401.395,3341.155,3342.665,588390
1754946000,3344.04,3359.34,3331.17,3348.345,411909
1755032400,3350.165,3370.825,3342.635,3355.695,318958
1755118800,3357.46,3374.805,3329.85,3335.585,364944
1755205200,3336.795,3348.915,3332.34,3335.7,227980
1755464400,3335.23,3358.49,3323.685,3332.895,275140
1755550800,3333.695,3345.465,3315.005,3315.7,208028
1755637200,3316.49,3350.275,3311.56,3348.485,246760
1755723600,3351.2,3352.3,3325.28,3338.71,247192
1755810000,3340.14,3378.835,3321.455,3371.23,304253
1756069200,3368.725,3376.375,3359.78,3365.72,152373
1756155600,3366.605,3393.745,3351.33,3393.745,356620
1756242000,3390.75,3398.79,3373.75,3397.72,298600
1756328400,3398.405,3423.18,3384.62,3417.06,383940
1756414800,3417.035,3453.97,3404.315,3447.435,486335
1756674000,3445.43,3489.845,3437.025,3476.365,390865
1756760400,3475.91,3540.06,3470.05,3533.545,707070
1756846800,3532.72,3578.66,3526.54,3559.26,608467
1756933200,3560.26,3564.155,3511.755,3545.87,548957
1757019600,3545.4,3600.205,3540.015,3586.545,717777
1757278800,3591.61,3646.545,3579.72,3635.85,605523
1757365200,3636.15,3674.695,3626.03,3626.315,653882
1757451600,3627.45,3657.61,3620.135,3640.585,493414
1757538000,3644.465,3649.345,3612.835,3634.12,485145
1757624400,3635.9,3656.7,3630.625,3643.085,411073
1757883600,3644.565,3685.695,3626.46,3678.79,490753
1757970000,3680.135,3703.24,3674.705,3689.855,476961
1758056400,3691.345,3707.555,3646.125,3659.975,619729
1758142800,3659.625,3673.205,3627.96,3644.18,569752
1758229200,3642.92,3685.74,3632.38,3684.975,490300
1758488400,3687.77,3748.86,3683.545,3746.355,504786
1758574800,3747.125,3791.255,3736.66,3764.205,570300
1758661200,3765.31,3779.34,3717.52,3736.165,388341
1758747600,3739.61,3761.69,3722.22,3749.44,466427
1758834000,3747.235,3783.885,3734.44,3759.855,407811
1759093200,3764.745,3834.3,3763.45,3833.88,555525
1759179600,3832.57,3871.89,3793.175,3858.45,538261
1759266000,3860.08,3895.5,3853.38,3865.53,508789
1759352400,3864.41,3897.13,3819.425,3856.56,537737
1759438800,3857.14,3891.76,3838.07,3886.455,486579
1759698000,3891.335,3970.2,3884.115,3960.69,631381
1759784400,3960.62,3991.135,3941.055,3984.33,643666
1759870800,3986.275,4059.35,3984.32,4041.9,613615
1759957200,4036.775,4058.11,3944.435,3976.24,931973
1760043600,3977.265,4023,3947.02,4016.68,957145
1760302800,4017.625,4117.42,3998.15,4110.335,727281
1760389200,4112.47,4179.935,4090.145,4142.625,920993
1760475600,4140.755,4218.405,4140.735,4207.77,689245
1760562000,4212.565,4330.9,4199.965,4326.065,780709
1760648400,4338.03,4380.99,4185.91,4253.975,1434931
1760907600,4267.075,4381.44,4219.115,4355.795,986496
1760994000,4366.33,4375.625,4080.58,4125.27,1158088
1761080400,4124.28,4161.535,4004.28,4099.4,1249834
1761166800,4110.085,4154.79,4065.9,4126.075,863796
1761253200,4125.85,4144.535,4043.515,4114.125,752977
1761512400,4085.7,4109,3971.445,3981.985,1001515
1761598800,3990.015,4019.805,3886.465,3953,840670
1761685200,3955.945,4030.34,3907.925,3930.615,968758
1761771600,3921.61,4027.235,3915.52,4024.525,870797
1761858000,4021.47,4046.595,3972.285,4002.81,856859
1762120800,3995.47,4030.825,3962.275,4001.605,715045
1762207200,4005.115,4005.27,3928.685,3932.1,649278
1762293600,3937.93,3990.565,3929.35,3980.115,448865
1762380000,3968.78,4019.645,3964.455,3977.14,633761
1762466400,3979.465,4027.595,3978.435,4001.275,527761
1762725600,4005.675,4116.69,4004.355,4115.41,585179
1762812000,4116.835,4149.1,4097.245,4126.505,420509
1762898400,4130.9,4211.795,4098.915,4195.21,748403
1762984800,4202.635,4245.195,4145.19,4171.745,943082
1763071200,4177.285,4211.435,4032.23,4085.825,778402
1763330400,4078.275,4106.705,4007.055,4045.86,644975
1763416800,4050.79,4082.58,3997.985,4067.425,643437
1763503200,4067.645,4132.985,4055.475,4077.85,631289
1763589600,4088.255,4110.37,4038.9,4077.535,944612
1763676000,4073.08,4101.07,4022.26,4065.01,988542
1763935200,4067.61,4139.89,4040.02,4133.975,656073
1764021600,4135.485,4159.38,4109.71,4130.55,811764
1764108000,4134.495,4173.5,4129.99,4163.575,656182
1764194400,4165.255,4168.75,4142.73,4158.8,326231
1764280800,4159.355,4226.915,4153.74,4215.82,344766
1764540000,4226.31,4264.7,4205.785,4232.29,1025407
1764626400,4231.77,4236.15,4163.805,4205.665,607631
1764712800,4202.48,4241.565,4194.645,4203.115,715594
1764799200,4206.465,4219.62,4174.81,4208.765,694763
1764885600,4209.41,4259.34,4192.055,4198.685,579001
1765144800,4198.685,4219.175,4176.205,4190.66,629212
1765231200,4191.48,4221.625,4169.985,4207.915,789956
1765317600,4209.445,4238.785,4182.08,4228.775,776990
1765404000,4228.245,4285.89,4204.27,4279.335,662996
1765490400,4282.93,4353.555,4257.275,4299.38,925565
1765749600,4302.985,4350.285,4285.515,4304.91,768093
1765836000,4307.67,4335.185,4271.575,4302.225,716151
1765922400,4303.6,4349.28,4302.405,4337.83,718404
1766008800,4338.89,4374.655,4308.67,4332.59,929628
1766095200,4335.855,4356.625,4309.095,4338.765,679583
1766354400,4340.905,4449.385,4339.9,4443.74,664280
1766440800,4449.18,4499.82,4430.515,4484.55,974310
1766527200,4488.59,4526.15,4448.26,4479.415,1016090
1766700000,4502.625,4550.15,4484.195,4533.21,1329442
1766959200,4542.66,4548.35,4302.11,4332.56,1404638
1767045600,4341.72,4404.375,4323.42,4339.395,1348201
1767132000,4341.77,4373.59,4274.025,4322.61,1255566
1767304800,4326.405,4402.295,4309.915,4332.065,907045
1767564000,4356.505,4455.77,4349.355,4449.17,1055909
1767650400,4454.8,4497.31,4427.635,4494.635,982006
1767736800,4498.54,4500.56,4423.385,4456.65,972081
1767823200,4461.955,4479.71,4407.835,4477.565,1196950
1767909600,4476.635,4517.25,4452.92,4509.66,896412
1768168800,4521.495,4630.19,4521.19,4597.65,1181887
1768255200,4597.62,4634.89,4569.47,4586.005,1075479
1768341600,4591.935,4642.97,4591.495,4626.575,1078344
1768428000,4624.17,4625.015,4581.065,4616.04,1129346
1768514400,4619.075,4620.975,4536.49,4596.32,918103
1768773600,4649.78,4690.94,4646.135,4670.295,603797
1768860000,4668.575,4766.4,4659.395,4763.37,837956
1768946400,4762.815,4888.545,4755.075,4831.38,1218823
1769032800,4816.795,4940.885,4772.27,4936.075,919080
1769119200,4952.295,4990.12,4899.795,4987.545,887322
1769378400,5015.63,5111.51,4990.215,5008.875,1521879
1769464800,5035.795,5190.51,5013.875,5180.625,1259046
1769551200,5181.64,5419.645,5157.21,5418.545,1604379
1769637600,5446.995,5602.225,5097.215,5370.23,2135665
1769724000,5419.64,5451.16,4679.51,4895.44,2683129
1769983200,4833.89,4884.56,4402.38,4661.055,2548266
1770069600,4704.095,4993.835,4695.53,4946.805,1758209
1770156000,4959.765,5091.93,4848.405,4964.455,1372095
1770242400,4995.96,5024.03,4759.48,4780.675,1835154
1770328800,4778.27,4971.34,4655.23,4964.62,1336545
1770588000,4989.93,5086.68,4965.42,5057.775,978320
1770674400,5057.535,5078.745,4987.385,5025.12,933647
1770760800,5033.585,5119.345,5019.715,5084.28,896564
1770847200,5095.495,5095.915,4878.5,4922.08,1007596
1770933600,4888.315,5046.48,4888.315,5042.74,895228
1771192800,5017.145,5032.565,4964.865,4992.005,396800
1771279200,4997.26,5001.24,4842.6,4877.855,981481
1771365600,4871.135,5010.915,4854.24,4977.26,656359
1771452000,4973.795,5022.385,4960.645,4996.49,615915
1771538400,5000.805,5108.72,4981.67,5108.255,791257
1771797600,5118.71,5237.95,5117.815,5226.87,785577
1771884000,5244.98,5250.005,5093.225,5143.925,848728
1771970400,5135.495,5217.78,5128.285,5163.58,689853
1772056800,5173.57,5205.64,5130.235,5185.17,854716
1772143200,5182.035,5281.155,5166.995,5278.51,814541
1772402400,5368.53,5419.66,5260.285,5321.935,1287427
1772488800,5344.96,5379.975,4996.275,5088.835,1617383
1772575200,5106.335,5206.265,5105.37,5140.945,1224059
1772661600,5152.485,5195.22,5050.905,5081.38,1240770
1772748000,5090.81,5176.63,5063.215,5171.5,1161417
1773003600,5171.95,5171.95,5015.045,5137.91,1394107
1773090000,5128.805,5238.775,5117.355,5192.51,833109
1773176400,5191.79,5223.385,5149.155,5176.48,630037
1773262800,5178.045,5191.79,5055.125,5079.255,804529
1773349200,5083.865,5128.475,5009.745,5020.6,695124
1773608400,5014.955,5038.145,4967.775,5006.565,865975
1773694800,5011.11,5044.9,4973.72,5005.725,665101
1773781200,5001.96,5016.53,4806.845,4818.415,908731
1773867600,4824.645,4867.225,4502.365,4650.72,1777919
1773954000,4659.99,4736.175,4477.54,4497.48,1538222
1774213200,4472.24,4536.415,4099.125,4406.505,2759675
1774299600,4382.825,4484.495,4305.88,4474.275,2120905
1774386000,4476.635,4602.645,4455.885,4506.845,1234234
1774472400,4521.855,4544.815,4351.355,4378.2,1545708
1774558800,4388.67,4555.63,4375.525,4493.685,1017271
1774818000,4512.54,4580.73,4417.43,4510.65,1310697
1774904400,4517.71,4687.335,4482.66,4667.875,1298919
1774990800,4674.535,4793.195,4662.125,4758.2,1062604
1775077200,4758.465,4800.8,4553.85,4676.745,1477021
1775422800,4638.25,4706.875,4600.85,4649.995,915070
1775509200,4661.755,4718.96,4607.63,4704.81,1215752
1775595600,4741.845,4858.215,4699.305,4718.96,1158729
1775682000,4727.55,4801.39,4698.725,4765.405,949417
1775768400,4772.62,4794.98,4730.74,4749.685,772355
1776027600,4670.425,4750.205,4644.465,4740.34,950060
1776114000,4746.92,4846.37,4745.84,4841.76,745834
1776200400,4849.155,4871.38,4786.08,4790.94,741540
1776286800,4798.465,4838.56,4772.575,4790.66,740854
1776373200,4793.945,4891.54,4767.845,4831.61,893667
1776632400,4774.815,4827.695,4736.83,4820.115,868597
1776718800,4825.135,4833.405,4668.62,4720.685,1053867
1776805200,4726.085,4772.385,4715.78,4740.455,701691
1776891600,4741.96,4754.2,4664.38,4694.09,1057518
1776978000,4695.935,4740.57,4658.03,4709.75,876536
1777237200,4696.875,4729.965,4667.335,4681.955,710688
1777323600,4682.585,4701.64,4555.135,4596.8,1005672
1777410000,4598.745,4610.535,4510.095,4543.715,1088682
1777496400,4540.13,4647.045,4539.685,4622.065,959728
1777582800,4629.515,4660.585,4560.32,4613.835,798462
1777842000,4625.35,4629.465,4501.035,4524.115,974935
1777928400,4520.775,4586.605,4513.655,4557.535,426094
1778014800,4552.07,4723.14,4546.36,4690.91,702590
1778101200,4690.165,4764.905,4685.275,4687.18,779702
1778187600,4694.565,4749.58,4682.045,4715.715,640071
1778446800,4687.43,4748.95,4648.09,4735.455,599033
1778533200,4740.565,4773.575,4638.365,4715.495,762744
1778619600,4719.905,4727.03,4669.525,4689.14,591544
1778706000,4693.605,4718.88,4644.31,4652.27,638104
1778792400,4654.08,4665.445,4510.985,4540.645,982982
1779051600,4545.805,4584.375,4480.41,4566.16,942372
1779138000,4570.36,4589.58,4464.78,4482.115,747484
1779224400,4484.735,4553.045,4453.39,4543.705,774042
1779310800,4544.62,4570.895,4488.63,4543.425,901516
1779397200,4544.905,4545.26,4491.93,4509.69,659163
1779656400,4550.54,4580.21,4548.91,4570.315,400882
1779742800,4571.33,4580.245,4482.62,4507.57,604063
1779829200,4506.725,4528.05,4401.63,4456.12,658786
1779915600,4456.89,4516.63,4366.23,4495.825,742856
1780002000,4497.085,4595.33,4488.975,4540.53,638169
1780261200,4520.795,4546.27,4447.86,4484.725,595174
1780347600,4483.385,4541.63,4463.01,4487.955,511894
1780434000,4490.115,4496.885,4426.42,4434.715,638762
1780520400,4431.91,4515.515,4423.965,4475.29,638458
1780606800,4474.185,4481.625,4311.93,4327.885,958033
1780866000,4321.55,4353.45,4268.48,4330.065,937596
1780952400,4326.5,4363.72,4236.7,4259.965,914975
1781038800,4256.145,4257.605,4067.24,4072.015,1244335
1781125200,4061.7,4220.22,4023.87,4211.195,1313750
1781211600,4208.535,4246.715,4170.29,4218.56,985207
1781470800,4301.665,4369.665,4280.395,4308.85,620046
1781557200,4312.985,4354.95,4306.11,4331.28,531334
1781643600,4331.69,4382.615,4219.165,4257.65,811958
1781730000,4257.675,4329.865,4201.495,4208.995,798058
1781816400,4204.63,4210.695,4121.955,4155.405,425932
1782075600,4157.1,4221.37,4136.695,4191.69,710619
1782162000,4192.855,4198.605,4091.03,4110.745,824105
1782248400,4111.71,4115.235,3959.08,3999.5,1153981
1782334800,4006.955,4044.14,3962.475,4026.92,1032840
1782421200,4030.09,4095.985,3982.95,4088.385,763878
1782680400,4075.86,4083.82,4000.325,4016.955,682827
1782766800,4018.65,4063.48,3942.1,4007.525,739844
1782853200,4014.34,4115.81,3960.275,4031.705,733371
1782939600,4038.71,4144.08,4030.895,4123.605,807015
1783026000,4125.815,4195.51,4121.47,4175.695,357538
1783285200,4180.345,4202.705,4128.51,4165.115,553148
1783371600,4164.735,4180.52,4092.295,4106.12,637402
1783458000,4105.04,4133.99,4021.815,4077.12,981300
1783544400,4074.405,4138.06,4054.4,4123.79,567929
1783630800,4125.25,4134.92,4072.8,4120.67,455662
1783890000,4090.98,4094.82,3986.58,4001.185,902847
1783976400,4001.64,4104.05,3983.545,4052.775,851255
1784062800,4053.215,4081.52,4017.475,4060.695,666761
1784149200,4060.64,4064.71,3969.345,3976.58,815075
1784235600,3979.265,4023.835,3959.8,4017.315,952581
1784494800,3995.57,4040.815,3982.63,4007.585,750288
1784581200,4008.105,4087.135,3999.915,4077.325,593767
1784667600,4078.675,4166.13,4076.755,4129.76,683564
1784754000,4119.635,4141.275,4040.185,4049.78,758106
1784840400,4048.875,4082.16,4022.06,4052.845,527491
1785099600,4090.16,4116.185,4065.415,4076.425,606689
1785186000,4080.685,4081.415,4011.765,4028.67,684015
1785272400,4026.565,4116.415,3996.055,4066.34,883549
1785358800,4074.84,4120.495,4028.69,4103.27,1004956
1785445200,4103.36,4112.01,4020.975,4045.165,639961
1785704400,4075.055,4079.185,4019.24,4055.33,588952
1785790800,4052.12,4106.475,4042.72,4077.055,545065
1785877200,4078.39,4268.09,4065.33,4247.275,815659
1785963600,4249.5,4304.31,4223.505,4240.75,758970
1786050000,4236.61,4371.84,4229.875,4341.935,886866
1786309200,4340.28,4395.385,4313.43,4390.235,705972
1786395600,4389.775,4435.245,4356.7,4368.245,694955
1786482000,4372.355,4441.315,4362.655,4408.525,701708
1786568400,4405.785,4449.83,4343.65,4351.27,743587
1786654800,4353.405,4397.06,4311.04,4376.82,586014
1786914000,4372.68,4428.89,4367.29,4416.68,620976
1787000400,4416.205,4436.23,4329.265,4334.575,667555
1787086800,4341.965,4524.34,4324.68,4523.05,920849
1787173200,4521.405,4541.045,4450.745,4518.955,851041
1787259600,4519.545,4632.145,4508.995,4602.99,806154
1787518800,4609.655,4681.02,4594.515,4651.24,1111844
1787605200,4655.495,4697.105,4605.29,4659.055,949778
1787691600,4661.445,4673.765,4583.065,4594.725,731904
1787778000,4603.39,4643.21,4564.27,4602.145,777217
1787864400,4601.95,4631.98,4445.455,4454.99,1099302
1788123600,4445.72,4472.165,4396.525,4449.24,804974
1788210000,4454.255,4461.7,4322.745,4328.405,939772
1788296400,4331.385,4397.75,4282.625,4388.22,893450
1788382800,4391.29,4510.93,4381.25,4472.965,860866
1788469200,4476.075,4487.545,4465.49,4468.205,124763